Date,Military Time,Isolate ID,PCR Date,Pyro Machine,Well,DispSeq,Tech,Region,Pyromark File Name (Machine #-date-military time),Fwd Primer,Rev Primer,Seq Primer
3/17/2011,,ES-023,9/16/2010,EBI 1,A3,ModGATC-2c,VanderKelen,23-5,031711 DRB test-GATC,23-5ITS-F,23-5ITS-R-biotin,23-5ITS-S
3/17/2011,,ES-024,9/16/2010,EBI 1,A4,ModGATC-2c,VanderKelen,23-5,031711 DRB test-GATC,23-5ITS-F,23-5ITS-R-biotin,23-5ITS-S
3/17/2011,,ES-049,9/16/2010,EBI 1,A5,ModGATC-2c,VanderKelen,23-5,031711 DRB test-GATC,23-5ITS-F,23-5ITS-R-biotin,23-5ITS-S
3/17/2011,,ES-050,9/16/2010,EBI 1,A6,ModGATC-2c,VanderKelen,23-5,031711 DRB test-GATC,23-5ITS-F,23-5ITS-R-biotin,23-5ITS-S
3/17/2011,,ES-067,10/9/2010,EBI 1,B1,ModGATC-2c,VanderKelen,23-5,031711 DRB test-GATC,23-5ITS-F,23-5ITS-R-biotin,23-5ITS-S
3/17/2011,,ES-068,10/9/2010,EBI 1,B2,ModGATC-2c,VanderKelen,23-5,031711 DRB test-GATC,23-5ITS-F,23-5ITS-R-biotin,23-5ITS-S
3/17/2011,,ES-069,10/9/2010,EBI 1,B3,ModGATC-2c,VanderKelen,23-5,031711 DRB test-GATC,23-5ITS-F,23-5ITS-R-biotin,23-5ITS-S
3/17/2011,,ES-070,10/9/2010,EBI 1,B4,ModGATC-2c,VanderKelen,23-5,031711 DRB test-GATC,23-5ITS-F,23-5ITS-R-biotin,23-5ITS-S
3/17/2011,,ES-071,10/9/2010,EBI 1,B5,ModGATC-2c,VanderKelen,23-5,031711 DRB test-GATC,23-5ITS-F,23-5ITS-R-biotin,23-5ITS-S
3/17/2011,,ES-072,10/9/2010,EBI 1,B6,ModGATC-2c,VanderKelen,23-5,031711 DRB test-GATC,23-5ITS-F,23-5ITS-R-biotin,23-5ITS-S
3/17/2011,,ES-073,10/9/2010,EBI 1,B7,ModGATC-2c,VanderKelen,23-5,031711 DRB test-GATC,23-5ITS-F,23-5ITS-R-biotin,23-5ITS-S
3/17/2011,,ES-074,10/9/2010,EBI 1,B8,ModGATC-2c,VanderKelen,23-5,031711 DRB test-GATC,23-5ITS-F,23-5ITS-R-biotin,23-5ITS-S
3/17/2011,,ES-075,10/9/2010,EBI 1,A7,ModGATC-2c,VanderKelen,23-5,031711 DRB test-GATC,23-5ITS-F,23-5ITS-R-biotin,23-5ITS-S
3/17/2011,,ES-076,10/9/2010,EBI 1,A8,ModGATC-2c,VanderKelen,23-5,031711 DRB test-GATC,23-5ITS-F,23-5ITS-R-biotin,23-5ITS-S
3/17/2011,,ES-090,12/10/2010,EBI 2,C1,ModGATC-2c,VanderKelen,23-5,031711 DRB test-GATC,23-5ITS-F,23-5ITS-R-biotin,23-5ITS-S
3/17/2011,,ES-091,12/10/2010,EBI 3,C2,ModGATC-2c,VanderKelen,23-5,031711 DRB test-GATC,23-5ITS-F,23-5ITS-R-biotin,23-5ITS-S
3/17/2011,,ES-092,12/10/2010,EBI 4,C3,ModGATC-2c,VanderKelen,23-5,031711 DRB test-GATC,23-5ITS-F,23-5ITS-R-biotin,23-5ITS-S
3/17/2011,,ES-093,12/10/2010,EBI 5,C4,ModGATC-2c,VanderKelen,23-5,031711 DRB test-GATC,23-5ITS-F,23-5ITS-R-biotin,23-5ITS-S
3/17/2011,,ES-094,12/10/2010,EBI 6,C5,ModGATC-2c,VanderKelen,23-5,031711 DRB test-GATC,23-5ITS-F,23-5ITS-R-biotin,23-5ITS-S
3/17/2011,,ES-095,12/10/2010,EBI 7,C6,ModGATC-2c,VanderKelen,23-5,031711 DRB test-GATC,23-5ITS-F,23-5ITS-R-biotin,23-5ITS-S
3/17/2011,,ES-096,12/10/2010,EBI 8,C7,ModGATC-2c,VanderKelen,23-5,031711 DRB test-GATC,23-5ITS-F,23-5ITS-R-biotin,23-5ITS-S
3/17/2011,,ES-097,12/10/2010,EBI 9,C8,ModGATC-2c,VanderKelen,23-5,031711 DRB test-GATC,23-5ITS-F,23-5ITS-R-biotin,23-5ITS-S
4/7/2011,,Pg-003a,4/6/2011,1,A1,ModTCGA-2c,VanderKelen,16-23,040711 16-23 repro test with F as S,16-23 ITS-F,16-23 ITS-R-Biotin,16-23 ITS-F
4/7/2011,,Pg-003b,4/6/2011,1,A2,ModTCGA-2c,VanderKelen,16-23,040711 16-23 repro test with F as S,16-23 ITS-F,16-23 ITS-R-Biotin,16-23 ITS-F
4/7/2011,,Pg-003c,4/6/2011,1,A3,ModTCGA-2c,VanderKelen,16-23,040711 16-23 repro test with F as S,16-23 ITS-F,16-23 ITS-R-Biotin,16-23 ITS-F
4/7/2011,,Pg-003d,4/6/2011,1,A4,ModTCGA-2c,VanderKelen,16-23,040711 16-23 repro test with F as S,16-23 ITS-F,16-23 ITS-R-Biotin,16-23 ITS-F
4/7/2011,,Hu-012a,4/6/2011,1,A5,ModTCGA-2c,VanderKelen,16-23,040711 16-23 repro test with F as S,16-23 ITS-F,16-23 ITS-R-Biotin,16-23 ITS-F
4/7/2011,,Hu-012b,4/6/2011,1,A6,ModTCGA-2c,VanderKelen,16-23,040711 16-23 repro test with F as S,16-23 ITS-F,16-23 ITS-R-Biotin,16-23 ITS-F
4/7/2011,,Hu-012c,4/6/2011,1,A7,ModTCGA-2c,VanderKelen,16-23,040711 16-23 repro test with F as S,16-23 ITS-F,16-23 ITS-R-Biotin,16-23 ITS-F
4/7/2011,,Hu-012d,4/6/2011,1,A8,ModTCGA-2c,VanderKelen,16-23,040711 16-23 repro test with F as S,16-23 ITS-F,16-23 ITS-R-Biotin,16-23 ITS-F
4/12/2011,,Hu-002,4/11/2011,1,A1,ModTCGA-1c,VanderKelen,16-23,041211 16-23 F as S hu ck pg sg cw,16-23 ITS-F,16-23 ITS-R-Biotin,16-23 ITS-F
4/12/2011,,Hu-005,4/11/2011,1,A2,ModTCGA-1c,VanderKelen,16-23,041211 16-23 F as S hu ck pg sg cw,16-23 ITS-F,16-23 ITS-R-Biotin,16-23 ITS-F
4/12/2011,,Hu-009,4/11/2011,1,A3,ModTCGA-1c,VanderKelen,16-23,041211 16-23 F as S hu ck pg sg cw,16-23 ITS-F,16-23 ITS-R-Biotin,16-23 ITS-F
4/12/2011,,Hu-0012,4/11/2011,1,A4,ModTCGA-1c,VanderKelen,16-23,041211 16-23 F as S hu ck pg sg cw,16-23 ITS-F,16-23 ITS-R-Biotin,16-23 ITS-F
4/12/2011,,Ck-001a,4/11/2011,1,A5,ModTCGA-1c,VanderKelen,16-23,041211 16-23 F as S hu ck pg sg cw,16-23 ITS-F,16-23 ITS-R-Biotin,16-23 ITS-F
4/12/2011,,Ck-001b,4/11/2011,1,A6,ModTCGA-1c,VanderKelen,16-23,041211 16-23 F as S hu ck pg sg cw,16-23 ITS-F,16-23 ITS-R-Biotin,16-23 ITS-F
4/12/2011,,Pg-003,4/11/2011,1,A7,ModTCGA-1c,VanderKelen,16-23,041211 16-23 F as S hu ck pg sg cw,16-23 ITS-F,16-23 ITS-R-Biotin,16-23 ITS-F
4/12/2011,,Pg-004,4/11/2011,1,A8,ModTCGA-1c,VanderKelen,16-23,041211 16-23 F as S hu ck pg sg cw,16-23 ITS-F,16-23 ITS-R-Biotin,16-23 ITS-F
4/12/2011,,Pg-007,4/11/2011,1,B1,ModTCGA-1c,VanderKelen,16-23,041211 16-23 F as S hu ck pg sg cw,16-23 ITS-F,16-23 ITS-R-Biotin,16-23 ITS-F
4/12/2011,,Pg-008,4/11/2011,1,B2,ModTCGA-1c,VanderKelen,16-23,041211 16-23 F as S hu ck pg sg cw,16-23 ITS-F,16-23 ITS-R-Biotin,16-23 ITS-F
4/12/2011,,Pg-009,4/11/2011,1,B3,ModTCGA-1c,VanderKelen,16-23,041211 16-23 F as S hu ck pg sg cw,16-23 ITS-F,16-23 ITS-R-Biotin,16-23 ITS-F
4/12/2011,,Pg-010,4/11/2011,1,B4,ModTCGA-1c,VanderKelen,16-23,041211 16-23 F as S hu ck pg sg cw,16-23 ITS-F,16-23 ITS-R-Biotin,16-23 ITS-F
4/12/2011,,Sg-005a,4/11/2011,1,B5,ModTCGA-1c,VanderKelen,16-23,041211 16-23 F as S hu ck pg sg cw,16-23 ITS-F,16-23 ITS-R-Biotin,16-23 ITS-F
4/12/2011,,Sg-005b,4/11/2011,1,B6,ModTCGA-1c,VanderKelen,16-23,041211 16-23 F as S hu ck pg sg cw,16-23 ITS-F,16-23 ITS-R-Biotin,16-23 ITS-F
4/12/2011,,Sg-006,4/11/2011,1,B7,ModTCGA-1c,VanderKelen,16-23,041211 16-23 F as S hu ck pg sg cw,16-23 ITS-F,16-23 ITS-R-Biotin,16-23 ITS-F
4/12/2011,,Sg-007,4/11/2011,1,B8,ModTCGA-1c,VanderKelen,16-23,041211 16-23 F as S hu ck pg sg cw,16-23 ITS-F,16-23 ITS-R-Biotin,16-23 ITS-F
4/12/2011,,Sg-008,4/11/2011,1,C1,ModTCGA-1c,VanderKelen,16-23,041211 16-23 F as S hu ck pg sg cw,16-23 ITS-F,16-23 ITS-R-Biotin,16-23 ITS-F
4/12/2011,,Cw-002,4/11/2011,1,C2,ModTCGA-1c,VanderKelen,16-23,041211 16-23 F as S hu ck pg sg cw,16-23 ITS-F,16-23 ITS-R-Biotin,16-23 ITS-F
4/12/2011,,Cw-0017,4/11/2011,1,C3,ModTCGA-1c,VanderKelen,16-23,041211 16-23 F as S hu ck pg sg cw,16-23 ITS-F,16-23 ITS-R-Biotin,16-23 ITS-F
4/12/2011,,Cw-023,4/11/2011,1,C4,ModTCGA-1c,VanderKelen,16-23,041211 16-23 F as S hu ck pg sg cw,16-23 ITS-F,16-23 ITS-R-Biotin,16-23 ITS-F
4/12/2011,,Cw-026,4/11/2011,1,C5,ModTCGA-1c,VanderKelen,16-23,041211 16-23 F as S hu ck pg sg cw,16-23 ITS-F,16-23 ITS-R-Biotin,16-23 ITS-F
4/12/2011,,Cw-027,4/11/2011,1,C6,ModTCGA-1c,VanderKelen,16-23,041211 16-23 F as S hu ck pg sg cw,16-23 ITS-F,16-23 ITS-R-Biotin,16-23 ITS-F
4/12/2011,,Cw-030a,4/11/2011,1,C7,ModTCGA-1c,VanderKelen,16-23,041211 16-23 F as S hu ck pg sg cw,16-23 ITS-F,16-23 ITS-R-Biotin,16-23 ITS-F
4/12/2011,,Cw-030b,4/11/2011,1,C8,ModTCGA-1c,VanderKelen,16-23,041211 16-23 F as S hu ck pg sg cw,16-23 ITS-F,16-23 ITS-R-Biotin,16-23 ITS-F
4/15/2011,,Cw-001,4/14/2011,1,A1,ModTCGA-1c,VanderKelen,16-23,041511 16-23 F as S cw pg,16-23 ITS-F,16-23 ITS-R-Biotin,16-23 ITS-F
4/15/2011,,Cw-003,4/14/2011,1,A2,ModTCGA-1c,VanderKelen,16-23,041511 16-23 F as S cw pg,16-23 ITS-F,16-23 ITS-R-Biotin,16-23 ITS-F
4/15/2011,,Cw-004,4/14/2011,1,A3,ModTCGA-1c,VanderKelen,16-23,041511 16-23 F as S cw pg,16-23 ITS-F,16-23 ITS-R-Biotin,16-23 ITS-F
4/15/2011,,Cw-005,4/14/2011,1,A4,ModTCGA-1c,VanderKelen,16-23,041511 16-23 F as S cw pg,16-23 ITS-F,16-23 ITS-R-Biotin,16-23 ITS-F
4/15/2011,,Cw-006,4/14/2011,1,A5,ModTCGA-1c,VanderKelen,16-23,041511 16-23 F as S cw pg,16-23 ITS-F,16-23 ITS-R-Biotin,16-23 ITS-F
4/15/2011,,Cw-007,4/14/2011,1,A6,ModTCGA-1c,VanderKelen,16-23,041511 16-23 F as S cw pg,16-23 ITS-F,16-23 ITS-R-Biotin,16-23 ITS-F
4/15/2011,,Cw-008,4/14/2011,1,A7,ModTCGA-1c,VanderKelen,16-23,041511 16-23 F as S cw pg,16-23 ITS-F,16-23 ITS-R-Biotin,16-23 ITS-F
4/15/2011,,Cw-009,4/14/2011,1,A8,ModTCGA-1c,VanderKelen,16-23,041511 16-23 F as S cw pg,16-23 ITS-F,16-23 ITS-R-Biotin,16-23 ITS-F
4/15/2011,,Cw-010,4/14/2011,1,B1,ModTCGA-1c,VanderKelen,16-23,041511 16-23 F as S cw pg,16-23 ITS-F,16-23 ITS-R-Biotin,16-23 ITS-F
4/15/2011,,Cw-011,4/14/2011,1,B2,ModTCGA-1c,VanderKelen,16-23,041511 16-23 F as S cw pg,16-23 ITS-F,16-23 ITS-R-Biotin,16-23 ITS-F
4/15/2011,,Cw-012,4/14/2011,1,B3,ModTCGA-1c,VanderKelen,16-23,041511 16-23 F as S cw pg,16-23 ITS-F,16-23 ITS-R-Biotin,16-23 ITS-F
4/15/2011,,Pg-001,4/14/2011,1,B4,ModTCGA-1c,VanderKelen,16-23,041511 16-23 F as S cw pg,16-23 ITS-F,16-23 ITS-R-Biotin,16-23 ITS-F
4/15/2011,,Pg-002,4/14/2011,1,B5,ModTCGA-1c,VanderKelen,16-23,041511 16-23 F as S cw pg,16-23 ITS-F,16-23 ITS-R-Biotin,16-23 ITS-F
4/15/2011,,Pg-005,4/14/2011,1,B6,ModTCGA-1c,VanderKelen,16-23,041511 16-23 F as S cw pg,16-23 ITS-F,16-23 ITS-R-Biotin,16-23 ITS-F
4/15/2011,,Pg-006,4/14/2011,1,B7,ModTCGA-1c,VanderKelen,16-23,041511 16-23 F as S cw pg,16-23 ITS-F,16-23 ITS-R-Biotin,16-23 ITS-F
4/15/2011,,Pg-007,4/14/2011,1,B8,ModTCGA-1c,VanderKelen,16-23,041511 16-23 F as S cw pg,16-23 ITS-F,16-23 ITS-R-Biotin,16-23 ITS-F
4/15/2011,,Pg-010,4/14/2011,1,C1,ModTCGA-1c,VanderKelen,16-23,041511 16-23 F as S cw pg,16-23 ITS-F,16-23 ITS-R-Biotin,16-23 ITS-F
4/15/2011,,Pg-012,4/14/2011,1,C2,ModTCGA-1c,VanderKelen,16-23,041511 16-23 F as S cw pg,16-23 ITS-F,16-23 ITS-R-Biotin,16-23 ITS-F
4/19/2011,,Ct-001,4/18/2011,1,A1,ModTCGA-1c,VanderKelen,16-23,041911 16-23 F as S ct dg,16-23 ITS-F,16-23 ITS-R-Biotin,16-23 ITS-F
4/19/2011,,Ct-002,4/18/2011,1,A2,ModTCGA-1c,VanderKelen,16-23,041911 16-23 F as S ct dg,16-23 ITS-F,16-23 ITS-R-Biotin,16-23 ITS-F
4/19/2011,,Ct-003,4/18/2011,1,A3,ModTCGA-1c,VanderKelen,16-23,041911 16-23 F as S ct dg,16-23 ITS-F,16-23 ITS-R-Biotin,16-23 ITS-F
4/19/2011,,Ct-004,4/18/2011,1,A4,ModTCGA-1c,VanderKelen,16-23,041911 16-23 F as S ct dg,16-23 ITS-F,16-23 ITS-R-Biotin,16-23 ITS-F
4/19/2011,,Ct-005,4/18/2011,1,A5,ModTCGA-1c,VanderKelen,16-23,041911 16-23 F as S ct dg,16-23 ITS-F,16-23 ITS-R-Biotin,16-23 ITS-F
4/19/2011,,Ct-006,4/18/2011,1,A6,ModTCGA-1c,VanderKelen,16-23,041911 16-23 F as S ct dg,16-23 ITS-F,16-23 ITS-R-Biotin,16-23 ITS-F
4/19/2011,,Ct-007,4/18/2011,1,A7,ModTCGA-1c,VanderKelen,16-23,041911 16-23 F as S ct dg,16-23 ITS-F,16-23 ITS-R-Biotin,16-23 ITS-F
4/19/2011,,Ct-008,4/18/2011,1,A8,ModTCGA-1c,VanderKelen,16-23,041911 16-23 F as S ct dg,16-23 ITS-F,16-23 ITS-R-Biotin,16-23 ITS-F
4/19/2011,,Ct-009,4/18/2011,1,B1,ModTCGA-1c,VanderKelen,16-23,041911 16-23 F as S ct dg,16-23 ITS-F,16-23 ITS-R-Biotin,16-23 ITS-F
4/19/2011,,Ct-010,4/18/2011,1,B2,ModTCGA-1c,VanderKelen,16-23,041911 16-23 F as S ct dg,16-23 ITS-F,16-23 ITS-R-Biotin,16-23 ITS-F
4/19/2011,,Ct-011,4/18/2011,1,B3,ModTCGA-1c,VanderKelen,16-23,041911 16-23 F as S ct dg,16-23 ITS-F,16-23 ITS-R-Biotin,16-23 ITS-F
4/19/2011,,Ct-012,4/18/2011,1,B4,ModTCGA-1c,VanderKelen,16-23,041911 16-23 F as S ct dg,16-23 ITS-F,16-23 ITS-R-Biotin,16-23 ITS-F
4/19/2011,,Ct-013,4/18/2011,1,B5,ModTCGA-1c,VanderKelen,16-23,041911 16-23 F as S ct dg,16-23 ITS-F,16-23 ITS-R-Biotin,16-23 ITS-F
4/19/2011,,Ct-014,4/18/2011,1,B6,ModTCGA-1c,VanderKelen,16-23,041911 16-23 F as S ct dg,16-23 ITS-F,16-23 ITS-R-Biotin,16-23 ITS-F
4/19/2011,,Ct-015,4/18/2011,1,B7,ModTCGA-1c,VanderKelen,16-23,041911 16-23 F as S ct dg,16-23 ITS-F,16-23 ITS-R-Biotin,16-23 ITS-F
4/19/2011,,Ct-016,4/18/2011,1,B8,ModTCGA-1c,VanderKelen,16-23,041911 16-23 F as S ct dg,16-23 ITS-F,16-23 ITS-R-Biotin,16-23 ITS-F
4/19/2011,,Dg-001,4/18/2011,1,C1,ModTCGA-1c,VanderKelen,16-23,041911 16-23 F as S ct dg,16-23 ITS-F,16-23 ITS-R-Biotin,16-23 ITS-F
4/19/2011,,Dg-002,4/18/2011,1,C2,ModTCGA-1c,VanderKelen,16-23,041911 16-23 F as S ct dg,16-23 ITS-F,16-23 ITS-R-Biotin,16-23 ITS-F
4/19/2011,,Dg-003,4/18/2011,1,C3,ModTCGA-1c,VanderKelen,16-23,041911 16-23 F as S ct dg,16-23 ITS-F,16-23 ITS-R-Biotin,16-23 ITS-F
4/19/2011,,Dg-004,4/18/2011,1,C4,ModTCGA-1c,VanderKelen,16-23,041911 16-23 F as S ct dg,16-23 ITS-F,16-23 ITS-R-Biotin,16-23 ITS-F
4/19/2011,,Dg-005,4/18/2011,1,C5,ModTCGA-1c,VanderKelen,16-23,041911 16-23 F as S ct dg,16-23 ITS-F,16-23 ITS-R-Biotin,16-23 ITS-F
4/19/2011,,Dg-006,4/18/2011,1,C6,ModTCGA-1c,VanderKelen,16-23,041911 16-23 F as S ct dg,16-23 ITS-F,16-23 ITS-R-Biotin,16-23 ITS-F
4/19/2011,,Dg-007,4/18/2011,1,C7,ModTCGA-1c,VanderKelen,16-23,041911 16-23 F as S ct dg,16-23 ITS-F,16-23 ITS-R-Biotin,16-23 ITS-F
4/19/2011,,Dg-008,4/18/2011,1,C8,ModTCGA-1c,VanderKelen,16-23,041911 16-23 F as S ct dg,16-23 ITS-F,16-23 ITS-R-Biotin,16-23 ITS-F
4/19/2011,,Dg-009,4/18/2011,1,A1,ModTCGA-1c,VanderKelen,16-23,041911 16-23 F as S dg es,16-23 ITS-F,16-23 ITS-R-Biotin,16-23 ITS-F
4/19/2011,,Dg-010,4/18/2011,1,A2,ModTCGA-1c,VanderKelen,16-23,041911 16-23 F as S dg es,16-23 ITS-F,16-23 ITS-R-Biotin,16-23 ITS-F
4/19/2011,,Dg-011,4/18/2011,1,A3,ModTCGA-1c,VanderKelen,16-23,041911 16-23 F as S dg es,16-23 ITS-F,16-23 ITS-R-Biotin,16-23 ITS-F
4/19/2011,,Dg-012,4/18/2011,1,A4,ModTCGA-1c,VanderKelen,16-23,041911 16-23 F as S dg es,16-23 ITS-F,16-23 ITS-R-Biotin,16-23 ITS-F
4/19/2011,,Dg-013,4/18/2011,1,A5,ModTCGA-1c,VanderKelen,16-23,041911 16-23 F as S dg es,16-23 ITS-F,16-23 ITS-R-Biotin,16-23 ITS-F
4/19/2011,,Dg-014,4/18/2011,1,A6,ModTCGA-1c,VanderKelen,16-23,041911 16-23 F as S dg es,16-23 ITS-F,16-23 ITS-R-Biotin,16-23 ITS-F
4/19/2011,,Dg-015,4/18/2011,1,A7,ModTCGA-1c,VanderKelen,16-23,041911 16-23 F as S dg es,16-23 ITS-F,16-23 ITS-R-Biotin,16-23 ITS-F
4/19/2011,,Dg-016,4/18/2011,1,A8,ModTCGA-1c,VanderKelen,16-23,041911 16-23 F as S dg es,16-23 ITS-F,16-23 ITS-R-Biotin,16-23 ITS-F
4/19/2011,,ES-001,4/18/2011,1,B1,ModTCGA-1c,VanderKelen,16-23,041911 16-23 F as S dg es,16-23 ITS-F,16-23 ITS-R-Biotin,16-23 ITS-F
4/19/2011,,ES-002,4/18/2011,1,B2,ModTCGA-1c,VanderKelen,16-23,041911 16-23 F as S dg es,16-23 ITS-F,16-23 ITS-R-Biotin,16-23 ITS-F
4/19/2011,,ES-003,4/18/2011,1,B3,ModTCGA-1c,VanderKelen,16-23,041911 16-23 F as S dg es,16-23 ITS-F,16-23 ITS-R-Biotin,16-23 ITS-F
4/19/2011,,ES-004,4/18/2011,1,B4,ModTCGA-1c,VanderKelen,16-23,041911 16-23 F as S dg es,16-23 ITS-F,16-23 ITS-R-Biotin,16-23 ITS-F
4/19/2011,,ES-005,4/18/2011,1,B5,ModTCGA-1c,VanderKelen,16-23,041911 16-23 F as S dg es,16-23 ITS-F,16-23 ITS-R-Biotin,16-23 ITS-F
4/19/2011,,ES-006,4/18/2011,1,B6,ModTCGA-1c,VanderKelen,16-23,041911 16-23 F as S dg es,16-23 ITS-F,16-23 ITS-R-Biotin,16-23 ITS-F
4/19/2011,,ES-007,4/18/2011,1,B7,ModTCGA-1c,VanderKelen,16-23,041911 16-23 F as S dg es,16-23 ITS-F,16-23 ITS-R-Biotin,16-23 ITS-F
4/19/2011,,ES-008,4/18/2011,1,B8,ModTCGA-1c,VanderKelen,16-23,041911 16-23 F as S dg es,16-23 ITS-F,16-23 ITS-R-Biotin,16-23 ITS-F
4/19/2011,,ES-009,4/18/2011,1,C1,ModTCGA-1c,VanderKelen,16-23,041911 16-23 F as S dg es,16-23 ITS-F,16-23 ITS-R-Biotin,16-23 ITS-F
4/19/2011,,ES-010,4/18/2011,1,C2,ModTCGA-1c,VanderKelen,16-23,041911 16-23 F as S dg es,16-23 ITS-F,16-23 ITS-R-Biotin,16-23 ITS-F
4/19/2011,,ES-011,4/18/2011,1,C3,ModTCGA-1c,VanderKelen,16-23,041911 16-23 F as S dg es,16-23 ITS-F,16-23 ITS-R-Biotin,16-23 ITS-F
4/19/2011,,ES-012,4/18/2011,1,C4,ModTCGA-1c,VanderKelen,16-23,041911 16-23 F as S dg es,16-23 ITS-F,16-23 ITS-R-Biotin,16-23 ITS-F
4/19/2011,,ES-013,4/18/2011,1,C5,ModTCGA-1c,VanderKelen,16-23,041911 16-23 F as S dg es,16-23 ITS-F,16-23 ITS-R-Biotin,16-23 ITS-F
4/19/2011,,ES-014,4/18/2011,1,C6,ModTCGA-1c,VanderKelen,16-23,041911 16-23 F as S dg es,16-23 ITS-F,16-23 ITS-R-Biotin,16-23 ITS-F
4/19/2011,,ES-015,4/18/2011,1,C7,ModTCGA-1c,VanderKelen,16-23,041911 16-23 F as S dg es,16-23 ITS-F,16-23 ITS-R-Biotin,16-23 ITS-F
4/19/2011,,ES-016,4/18/2011,1,C8,ModTCGA-1c,VanderKelen,16-23,041911 16-23 F as S dg es,16-23 ITS-F,16-23 ITS-R-Biotin,16-23 ITS-F
1/20/2011,,Ct-012,12/15/2010,EBI 1,A1,ModGATC-2c,VanderKelen,23-5,012011-ModGATC-2controls,23-5ITS-F,23-5ITS-R-biotin,23-5ITS-S
1/20/2011,,Ct-013,12/15/2010,EBI 1,A2,ModGATC-2c,VanderKelen,23-5,012011-ModGATC-2controls,23-5ITS-F,23-5ITS-R-biotin,23-5ITS-S
1/20/2011,,Ct-014,12/15/2010,EBI 1,A3,ModGATC-2c,VanderKelen,23-5,012011-ModGATC-2controls,23-5ITS-F,23-5ITS-R-biotin,23-5ITS-S
1/20/2011,,Ct-015,12/15/2010,EBI 1,A4,ModGATC-2c,VanderKelen,23-5,012011-ModGATC-2controls,23-5ITS-F,23-5ITS-R-biotin,23-5ITS-S
1/20/2011,,Ct-016,12/15/2010,EBI 1,A5,ModGATC-2c,VanderKelen,23-5,012011-ModGATC-2controls,23-5ITS-F,23-5ITS-R-biotin,23-5ITS-S
1/20/2011,,Ct-017,12/15/2010,EBI 1,A6,ModGATC-2c,VanderKelen,23-5,012011-ModGATC-2controls,23-5ITS-F,23-5ITS-R-biotin,23-5ITS-S
1/20/2011,,Ct-018,12/15/2010,EBI 1,A7,ModGATC-2c,VanderKelen,23-5,012011-ModGATC-2controls,23-5ITS-F,23-5ITS-R-biotin,23-5ITS-S
1/20/2011,,Ct-019,12/15/2010,EBI 1,A8,ModGATC-2c,VanderKelen,23-5,012011-ModGATC-2controls,23-5ITS-F,23-5ITS-R-biotin,23-5ITS-S
1/20/2011,,Ct-020,12/15/2010,EBI 1,B1,ModGATC-2c,VanderKelen,23-5,012011-ModGATC-2controls,23-5ITS-F,23-5ITS-R-biotin,23-5ITS-S
1/20/2011,,Ct-021,12/15/2010,EBI 1,B2,ModGATC-2c,VanderKelen,23-5,012011-ModGATC-2controls,23-5ITS-F,23-5ITS-R-biotin,23-5ITS-S
1/20/2011,,Dg-015,12/15/2010,EBI 1,B3,ModGATC-2c,VanderKelen,23-5,012011-ModGATC-2controls,23-5ITS-F,23-5ITS-R-biotin,23-5ITS-S
1/20/2011,,Dg-016,12/15/2010,EBI 1,B4,ModGATC-2c,VanderKelen,23-5,012011-ModGATC-2controls,23-5ITS-F,23-5ITS-R-biotin,23-5ITS-S
1/20/2011,,Dg-017,12/15/2010,EBI 1,B5,ModGATC-2c,VanderKelen,23-5,012011-ModGATC-2controls,23-5ITS-F,23-5ITS-R-biotin,23-5ITS-S
1/20/2011,,Dg-018,12/15/2010,EBI 1,B6,ModGATC-2c,VanderKelen,23-5,012011-ModGATC-2controls,23-5ITS-F,23-5ITS-R-biotin,23-5ITS-S
1/20/2011,,Dg-019,12/15/2010,EBI 1,B7,ModGATC-2c,VanderKelen,23-5,012011-ModGATC-2controls,23-5ITS-F,23-5ITS-R-biotin,23-5ITS-S
1/20/2011,,Dg-020,12/15/2010,EBI 1,B8,ModGATC-2c,VanderKelen,23-5,012011-ModGATC-2controls,23-5ITS-F,23-5ITS-R-biotin,23-5ITS-S
1/20/2011,,Dg-021,12/15/2010,EBI 1,C1,ModGATC-2c,VanderKelen,23-5,012011-ModGATC-2controls,23-5ITS-F,23-5ITS-R-biotin,23-5ITS-S
1/20/2011,,Dg-022,12/15/2010,EBI 1,C2,ModGATC-2c,VanderKelen,23-5,012011-ModGATC-2controls,23-5ITS-F,23-5ITS-R-biotin,23-5ITS-S
1/20/2011,,Dg-023,12/15/2010,EBI 1,C3,ModGATC-2c,VanderKelen,23-5,012011-ModGATC-2controls,23-5ITS-F,23-5ITS-R-biotin,23-5ITS-S
1/20/2011,,Dg-024,12/15/2010,EBI 1,C4,ModGATC-2c,VanderKelen,23-5,012011-ModGATC-2controls,23-5ITS-F,23-5ITS-R-biotin,23-5ITS-S
1/20/2011,,Dg-025,12/15/2010,EBI 1,C5,ModGATC-2c,VanderKelen,23-5,012011-ModGATC-2controls,23-5ITS-F,23-5ITS-R-biotin,23-5ITS-S
1/20/2011,,Dg-026,12/15/2010,EBI 1,C6,ModGATC-2c,VanderKelen,23-5,012011-ModGATC-2controls,23-5ITS-F,23-5ITS-R-biotin,23-5ITS-S
1/20/2011,,Dg-027,12/15/2010,EBI 1,C7,ModGATC-2c,VanderKelen,23-5,012011-ModGATC-2controls,23-5ITS-F,23-5ITS-R-biotin,23-5ITS-S
1/20/2011,,Dg-028,12/15/2010,EBI 1,C8,ModGATC-2c,VanderKelen,23-5,012011-ModGATC-2controls,23-5ITS-F,23-5ITS-R-biotin,23-5ITS-S
1/20/2011,,ES-015,9/15/2010,EBI 1,A1,ModGATC-2c,VanderKelen,23-5,012011b-ModGATC-2controls,23-5ITS-F,23-5ITS-R-biotin,23-5ITS-S
1/20/2011,,ES-016,9/15/2010,EBI 1,A2,ModGATC-2c,VanderKelen,23-5,012011b-ModGATC-2controls,23-5ITS-F,23-5ITS-R-biotin,23-5ITS-S
1/20/2011,,ES-017,9/15/2010,EBI 1,A3,ModGATC-2c,VanderKelen,23-5,012011b-ModGATC-2controls,23-5ITS-F,23-5ITS-R-biotin,23-5ITS-S
1/20/2011,,ES-018,9/15/2010,EBI 1,A4,ModGATC-2c,VanderKelen,23-5,012011b-ModGATC-2controls,23-5ITS-F,23-5ITS-R-biotin,23-5ITS-S
1/20/2011,,ES-019,9/15/2010,EBI 1,A5,ModGATC-2c,VanderKelen,23-5,012011b-ModGATC-2controls,23-5ITS-F,23-5ITS-R-biotin,23-5ITS-S
1/20/2011,,ES-020,9/15/2010,EBI 1,A6,ModGATC-2c,VanderKelen,23-5,012011b-ModGATC-2controls,23-5ITS-F,23-5ITS-R-biotin,23-5ITS-S
1/20/2011,,ES-021,9/15/2010,EBI 1,A7,ModGATC-2c,VanderKelen,23-5,012011b-ModGATC-2controls,23-5ITS-F,23-5ITS-R-biotin,23-5ITS-S
1/20/2011,,ES-022,9/15/2010,EBI 1,A8,ModGATC-2c,VanderKelen,23-5,012011b-ModGATC-2controls,23-5ITS-F,23-5ITS-R-biotin,23-5ITS-S
1/20/2011,,ES-051,9/25/2010,EBI 1,B1,ModGATC-2c,VanderKelen,23-5,012011b-ModGATC-2controls,23-5ITS-F,23-5ITS-R-biotin,23-5ITS-S
1/20/2011,,ES-052,9/25/2010,EBI 1,B2,ModGATC-2c,VanderKelen,23-5,012011b-ModGATC-2controls,23-5ITS-F,23-5ITS-R-biotin,23-5ITS-S
1/20/2011,,ES-053,9/25/2010,EBI 1,B3,ModGATC-2c,VanderKelen,23-5,012011b-ModGATC-2controls,23-5ITS-F,23-5ITS-R-biotin,23-5ITS-S
1/20/2011,,ES-054,9/25/2010,EBI 1,B4,ModGATC-2c,VanderKelen,23-5,012011b-ModGATC-2controls,23-5ITS-F,23-5ITS-R-biotin,23-5ITS-S
1/20/2011,,ES-055,9/25/2010,EBI 1,B5,ModGATC-2c,VanderKelen,23-5,012011b-ModGATC-2controls,23-5ITS-F,23-5ITS-R-biotin,23-5ITS-S
1/20/2011,,ES-056,9/25/2010,EBI 1,B6,ModGATC-2c,VanderKelen,23-5,012011b-ModGATC-2controls,23-5ITS-F,23-5ITS-R-biotin,23-5ITS-S
1/20/2011,,ES-057,9/25/2010,EBI 1,B7,ModGATC-2c,VanderKelen,23-5,012011b-ModGATC-2controls,23-5ITS-F,23-5ITS-R-biotin,23-5ITS-S
1/20/2011,,ES-058,9/25/2010,EBI 1,B8,ModGATC-2c,VanderKelen,23-5,012011b-ModGATC-2controls,23-5ITS-F,23-5ITS-R-biotin,23-5ITS-S
1/20/2011,,ES-059,10/9/2010,EBI 1,C1,ModGATC-2c,VanderKelen,23-5,012011b-ModGATC-2controls,23-5ITS-F,23-5ITS-R-biotin,23-5ITS-S
1/20/2011,,ES-060,10/9/2010,EBI 1,C2,ModGATC-2c,VanderKelen,23-5,012011b-ModGATC-2controls,23-5ITS-F,23-5ITS-R-biotin,23-5ITS-S
1/20/2011,,ES-061,10/9/2010,EBI 1,C3,ModGATC-2c,VanderKelen,23-5,012011b-ModGATC-2controls,23-5ITS-F,23-5ITS-R-biotin,23-5ITS-S
1/20/2011,,ES-062,10/9/2010,EBI 1,C4,ModGATC-2c,VanderKelen,23-5,012011b-ModGATC-2controls,23-5ITS-F,23-5ITS-R-biotin,23-5ITS-S
1/20/2011,,ES-063,10/9/2010,EBI 1,C5,ModGATC-2c,VanderKelen,23-5,012011b-ModGATC-2controls,23-5ITS-F,23-5ITS-R-biotin,23-5ITS-S
1/20/2011,,ES-064,10/9/2010,EBI 1,C6,ModGATC-2c,VanderKelen,23-5,012011b-ModGATC-2controls,23-5ITS-F,23-5ITS-R-biotin,23-5ITS-S
1/20/2011,,ES-065,10/9/2010,EBI 1,C7,ModGATC-2c,VanderKelen,23-5,012011b-ModGATC-2controls,23-5ITS-F,23-5ITS-R-biotin,23-5ITS-S
1/20/2011,,ES-066,10/9/2010,EBI 1,C8,ModGATC-2c,VanderKelen,23-5,012011b-ModGATC-2controls,23-5ITS-F,23-5ITS-R-biotin,23-5ITS-S
11/17/2010,,Ck-005,8/20/2010,EBI 1,A1,ModGATC-2c,VanderKelen,23-5,11-17-10ModGATC-2controls,23-5ITS-F,23-5ITS-R-biotin,23-5ITS-S
11/17/2010,,Ck-006,8/20/2010,EBI 1,A2,ModGATC-2c,VanderKelen,23-5,11-17-10ModGATC-2controls,23-5ITS-F,23-5ITS-R-biotin,23-5ITS-S
11/17/2010,,Ck-007,8/20/2010,EBI 1,A3,ModGATC-2c,VanderKelen,23-5,11-17-10ModGATC-2controls,23-5ITS-F,23-5ITS-R-biotin,23-5ITS-S
11/17/2010,,Ck-008,8/20/2010,EBI 1,A4,ModGATC-2c,VanderKelen,23-5,11-17-10ModGATC-2controls,23-5ITS-F,23-5ITS-R-biotin,23-5ITS-S
11/17/2010,,Ck-009,8/20/2010,EBI 1,A5,ModGATC-2c,VanderKelen,23-5,11-17-10ModGATC-2controls,23-5ITS-F,23-5ITS-R-biotin,23-5ITS-S
11/17/2010,,Ck-010,8/20/2010,EBI 1,A6,ModGATC-2c,VanderKelen,23-5,11-17-10ModGATC-2controls,23-5ITS-F,23-5ITS-R-biotin,23-5ITS-S
11/17/2010,,Ck-011,8/20/2010,EBI 1,A7,ModGATC-2c,VanderKelen,23-5,11-17-10ModGATC-2controls,23-5ITS-F,23-5ITS-R-biotin,23-5ITS-S
11/17/2010,,Ck-012,8/20/2010,EBI 1,A8,ModGATC-2c,VanderKelen,23-5,11-17-10ModGATC-2controls,23-5ITS-F,23-5ITS-R-biotin,23-5ITS-S
11/17/2010,,Ck-013,8/20/2010,EBI 1,B1,ModGATC-2c,VanderKelen,23-5,11-17-10ModGATC-2controls,23-5ITS-F,23-5ITS-R-biotin,23-5ITS-S
11/17/2010,,Ck-014,8/20/2010,EBI 1,B2,ModGATC-2c,VanderKelen,23-5,11-17-10ModGATC-2controls,23-5ITS-F,23-5ITS-R-biotin,23-5ITS-S
11/17/2010,,Ck-015,8/20/2010,EBI 1,B3,ModGATC-2c,VanderKelen,23-5,11-17-10ModGATC-2controls,23-5ITS-F,23-5ITS-R-biotin,23-5ITS-S
11/17/2010,,Ck-016,8/20/2010,EBI 1,B4,ModGATC-2c,VanderKelen,23-5,11-17-10ModGATC-2controls,23-5ITS-F,23-5ITS-R-biotin,23-5ITS-S
11/17/2010,,Ck-017,8/20/2010,EBI 1,B5,ModGATC-2c,VanderKelen,23-5,11-17-10ModGATC-2controls,23-5ITS-F,23-5ITS-R-biotin,23-5ITS-S
11/17/2010,,Ck-018,8/20/2010,EBI 1,B6,ModGATC-2c,VanderKelen,23-5,11-17-10ModGATC-2controls,23-5ITS-F,23-5ITS-R-biotin,23-5ITS-S
11/17/2010,,Ck-019,8/20/2010,EBI 1,B7,ModGATC-2c,VanderKelen,23-5,11-17-10ModGATC-2controls,23-5ITS-F,23-5ITS-R-biotin,23-5ITS-S
11/17/2010,,Ck-020,8/20/2010,EBI 1,B8,ModGATC-2c,VanderKelen,23-5,11-17-10ModGATC-2controls,23-5ITS-F,23-5ITS-R-biotin,23-5ITS-S
11/17/2010,,Ck-021,8/20/2010,EBI 1,C1,ModGATC-2c,VanderKelen,23-5,11-17-10ModGATC-2controls,23-5ITS-F,23-5ITS-R-biotin,23-5ITS-S
11/17/2010,,Ck-022,8/20/2010,EBI 1,C2,ModGATC-2c,VanderKelen,23-5,11-17-10ModGATC-2controls,23-5ITS-F,23-5ITS-R-biotin,23-5ITS-S
11/17/2010,,Ck-023,8/20/2010,EBI 1,C3,ModGATC-2c,VanderKelen,23-5,11-17-10ModGATC-2controls,23-5ITS-F,23-5ITS-R-biotin,23-5ITS-S
11/17/2010,,Ck-024,8/20/2010,EBI 1,C4,ModGATC-2c,VanderKelen,23-5,11-17-10ModGATC-2controls,23-5ITS-F,23-5ITS-R-biotin,23-5ITS-S
11/17/2010,,Ck-025,8/20/2010,EBI 1,C5,ModGATC-2c,VanderKelen,23-5,11-17-10ModGATC-2controls,23-5ITS-F,23-5ITS-R-biotin,23-5ITS-S
11/17/2010,,Ck-026,8/20/2010,EBI 1,C6,ModGATC-2c,VanderKelen,23-5,11-17-10ModGATC-2controls,23-5ITS-F,23-5ITS-R-biotin,23-5ITS-S
11/5/2010,,ES-025,9/16/2010,EBI 1,A1,ModGATC-2c,,23-5,11-5-10ModGATCEnvSamples25-48,23-5ITS-F,23-5ITS-R-biotin,23-5ITS-S
11/5/2010,,ES-026,9/16/2010,EBI 1,A2,ModGATC-2c,,23-5,11-5-10ModGATCEnvSamples25-48,23-5ITS-F,23-5ITS-R-biotin,23-5ITS-S
11/5/2010,,ES-027,9/16/2010,EBI 1,A3,ModGATC-2c,,23-5,11-5-10ModGATCEnvSamples25-48,23-5ITS-F,23-5ITS-R-biotin,23-5ITS-S
11/5/2010,,ES-028,9/16/2010,EBI 1,A4,ModGATC-2c,,23-5,11-5-10ModGATCEnvSamples25-48,23-5ITS-F,23-5ITS-R-biotin,23-5ITS-S
11/5/2010,,ES-029,9/16/2010,EBI 1,A5,ModGATC-2c,,23-5,11-5-10ModGATCEnvSamples25-48,23-5ITS-F,23-5ITS-R-biotin,23-5ITS-S
11/5/2010,,ES-030,9/16/2010,EBI 1,A6,ModGATC-2c,,23-5,11-5-10ModGATCEnvSamples25-48,23-5ITS-F,23-5ITS-R-biotin,23-5ITS-S
11/5/2010,,ES-031,9/16/2010,EBI 1,A7,ModGATC-2c,,23-5,11-5-10ModGATCEnvSamples25-48,23-5ITS-F,23-5ITS-R-biotin,23-5ITS-S
11/5/2010,,ES-032,9/16/2010,EBI 1,A8,ModGATC-2c,,23-5,11-5-10ModGATCEnvSamples25-48,23-5ITS-F,23-5ITS-R-biotin,23-5ITS-S
11/5/2010,,ES-033,9/16/2010,EBI 1,B1,ModGATC-2c,,23-5,11-5-10ModGATCEnvSamples25-48,23-5ITS-F,23-5ITS-R-biotin,23-5ITS-S
11/5/2010,,ES-034,9/16/2010,EBI 1,B2,ModGATC-2c,,23-5,11-5-10ModGATCEnvSamples25-48,23-5ITS-F,23-5ITS-R-biotin,23-5ITS-S
11/5/2010,,ES-035,9/16/2010,EBI 1,B3,ModGATC-2c,,23-5,11-5-10ModGATCEnvSamples25-48,23-5ITS-F,23-5ITS-R-biotin,23-5ITS-S
11/5/2010,,ES-036,9/16/2010,EBI 1,B4,ModGATC-2c,,23-5,11-5-10ModGATCEnvSamples25-48,23-5ITS-F,23-5ITS-R-biotin,23-5ITS-S
11/5/2010,,ES-037,9/16/2010,EBI 1,B5,ModGATC-2c,,23-5,11-5-10ModGATCEnvSamples25-48,23-5ITS-F,23-5ITS-R-biotin,23-5ITS-S
11/5/2010,,ES-038,9/16/2010,EBI 1,B6,ModGATC-2c,,23-5,11-5-10ModGATCEnvSamples25-48,23-5ITS-F,23-5ITS-R-biotin,23-5ITS-S
11/5/2010,,ES-039,9/16/2010,EBI 1,B7,ModGATC-2c,,23-5,11-5-10ModGATCEnvSamples25-48,23-5ITS-F,23-5ITS-R-biotin,23-5ITS-S
11/5/2010,,ES-040,9/16/2010,EBI 1,B8,ModGATC-2c,,23-5,11-5-10ModGATCEnvSamples25-48,23-5ITS-F,23-5ITS-R-biotin,23-5ITS-S
11/5/2010,,ES-041,9/16/2010,EBI 1,C1,ModGATC-2c,,23-5,11-5-10ModGATCEnvSamples25-48,23-5ITS-F,23-5ITS-R-biotin,23-5ITS-S
11/5/2010,,ES-042,9/16/2010,EBI 1,C2,ModGATC-2c,,23-5,11-5-10ModGATCEnvSamples25-48,23-5ITS-F,23-5ITS-R-biotin,23-5ITS-S
11/5/2010,,ES-043,9/16/2010,EBI 1,C3,ModGATC-2c,,23-5,11-5-10ModGATCEnvSamples25-48,23-5ITS-F,23-5ITS-R-biotin,23-5ITS-S
11/5/2010,,ES-044,9/16/2010,EBI 1,C4,ModGATC-2c,,23-5,11-5-10ModGATCEnvSamples25-48,23-5ITS-F,23-5ITS-R-biotin,23-5ITS-S
11/5/2010,,ES-045,9/16/2010,EBI 1,C5,ModGATC-2c,,23-5,11-5-10ModGATCEnvSamples25-48,23-5ITS-F,23-5ITS-R-biotin,23-5ITS-S
11/5/2010,,ES-046,9/16/2010,EBI 1,C6,ModGATC-2c,,23-5,11-5-10ModGATCEnvSamples25-48,23-5ITS-F,23-5ITS-R-biotin,23-5ITS-S
11/5/2010,,ES-047,9/16/2010,EBI 1,C7,ModGATC-2c,,23-5,11-5-10ModGATCEnvSamples25-48,23-5ITS-F,23-5ITS-R-biotin,23-5ITS-S
11/5/2010,,ES-048,9/16/2010,EBI 1,C8,ModGATC-2c,,23-5,11-5-10ModGATCEnvSamples25-48,23-5ITS-F,23-5ITS-R-biotin,23-5ITS-S
12/10/2010,,Pg-053,9/2/2010,EBI 1,C7,ModGATC-2c,VanderKelen,23-5,12-10-10-ModGATC-2controls,23-5ITS-F,23-5ITS-R-biotin,23-5ITS-S
12/10/2010,,Pg-054,9/2/2010,EBI 1,C8,ModGATC-2c,VanderKelen,23-5,12-10-10-ModGATC-2controls,23-5ITS-F,23-5ITS-R-biotin,23-5ITS-S
12/10/2010,,Pg-063,9/7/2010,EBI 1,A1,ModGATC-2c,VanderKelen,23-5,12-10-10-ModGATC-2controls,23-5ITS-F,23-5ITS-R-biotin,23-5ITS-S
12/10/2010,,Pg-064,9/7/2010,EBI 1,A2,ModGATC-2c,VanderKelen,23-5,12-10-10-ModGATC-2controls,23-5ITS-F,23-5ITS-R-biotin,23-5ITS-S
12/10/2010,,Pg-065,9/7/2010,EBI 1,A3,ModGATC-2c,VanderKelen,23-5,12-10-10-ModGATC-2controls,23-5ITS-F,23-5ITS-R-biotin,23-5ITS-S
12/10/2010,,Pg-066,9/7/2010,EBI 1,A4,ModGATC-2c,VanderKelen,23-5,12-10-10-ModGATC-2controls,23-5ITS-F,23-5ITS-R-biotin,23-5ITS-S
12/10/2010,,Pg-067,9/7/2010,EBI 1,A5,ModGATC-2c,VanderKelen,23-5,12-10-10-ModGATC-2controls,23-5ITS-F,23-5ITS-R-biotin,23-5ITS-S
12/10/2010,,Pg-068,9/7/2010,EBI 1,A6,ModGATC-2c,VanderKelen,23-5,12-10-10-ModGATC-2controls,23-5ITS-F,23-5ITS-R-biotin,23-5ITS-S
12/10/2010,,Pg-069,9/7/2010,EBI 1,A7,ModGATC-2c,VanderKelen,23-5,12-10-10-ModGATC-2controls,23-5ITS-F,23-5ITS-R-biotin,23-5ITS-S
12/10/2010,,Pg-070,9/7/2010,EBI 1,A8,ModGATC-2c,VanderKelen,23-5,12-10-10-ModGATC-2controls,23-5ITS-F,23-5ITS-R-biotin,23-5ITS-S
12/10/2010,,Pg-071,9/7/2010,EBI 1,B1,ModGATC-2c,VanderKelen,23-5,12-10-10-ModGATC-2controls,23-5ITS-F,23-5ITS-R-biotin,23-5ITS-S
12/10/2010,,Pg-072,9/7/2010,EBI 1,B2,ModGATC-2c,VanderKelen,23-5,12-10-10-ModGATC-2controls,23-5ITS-F,23-5ITS-R-biotin,23-5ITS-S
12/10/2010,,Pg-073,9/7/2010,EBI 1,B3,ModGATC-2c,VanderKelen,23-5,12-10-10-ModGATC-2controls,23-5ITS-F,23-5ITS-R-biotin,23-5ITS-S
12/10/2010,,Pg-074,9/7/2010,EBI 1,B4,ModGATC-2c,VanderKelen,23-5,12-10-10-ModGATC-2controls,23-5ITS-F,23-5ITS-R-biotin,23-5ITS-S
12/10/2010,,Pg-075,9/7/2010,EBI 1,B5,ModGATC-2c,VanderKelen,23-5,12-10-10-ModGATC-2controls,23-5ITS-F,23-5ITS-R-biotin,23-5ITS-S
12/10/2010,,Pg-076,9/7/2010,EBI 1,B6,ModGATC-2c,VanderKelen,23-5,12-10-10-ModGATC-2controls,23-5ITS-F,23-5ITS-R-biotin,23-5ITS-S
12/10/2010,,Pg-077,9/7/2010,EBI 1,B7,ModGATC-2c,VanderKelen,23-5,12-10-10-ModGATC-2controls,23-5ITS-F,23-5ITS-R-biotin,23-5ITS-S
12/10/2010,,Pg-078,9/7/2010,EBI 1,B8,ModGATC-2c,VanderKelen,23-5,12-10-10-ModGATC-2controls,23-5ITS-F,23-5ITS-R-biotin,23-5ITS-S
12/10/2010,,Pg-079,9/7/2010,EBI 1,C1,ModGATC-2c,VanderKelen,23-5,12-10-10-ModGATC-2controls,23-5ITS-F,23-5ITS-R-biotin,23-5ITS-S
12/10/2010,,Pg-080,9/7/2010,EBI 1,C2,ModGATC-2c,VanderKelen,23-5,12-10-10-ModGATC-2controls,23-5ITS-F,23-5ITS-R-biotin,23-5ITS-S
12/10/2010,,Pg-081,9/7/2010,EBI 1,C3,ModGATC-2c,VanderKelen,23-5,12-10-10-ModGATC-2controls,23-5ITS-F,23-5ITS-R-biotin,23-5ITS-S
12/10/2010,,Pg-082,9/7/2010,EBI 1,C4,ModGATC-2c,VanderKelen,23-5,12-10-10-ModGATC-2controls,23-5ITS-F,23-5ITS-R-biotin,23-5ITS-S
12/10/2010,,Pg-083,9/7/2010,EBI 1,C5,ModGATC-2c,VanderKelen,23-5,12-10-10-ModGATC-2controls,23-5ITS-F,23-5ITS-R-biotin,23-5ITS-S
12/10/2010,,Pg-084,9/7/2010,EBI 1,C6,ModGATC-2c,VanderKelen,23-5,12-10-10-ModGATC-2controls,23-5ITS-F,23-5ITS-R-biotin,23-5ITS-S
12/10/2010,,Ck-027,8/27/2010,EBI 1,A1,ModGATC-2c,VanderKelen,23-5,12-10-10b-ModGATC-2controls,23-5ITS-F,23-5ITS-R-biotin,23-5ITS-S
12/10/2010,,Ck-028,8/27/2010,EBI 1,A2,ModGATC-2c,VanderKelen,23-5,12-10-10b-ModGATC-2controls,23-5ITS-F,23-5ITS-R-biotin,23-5ITS-S
12/10/2010,,Ck-029,8/27/2010,EBI 1,A3,ModGATC-2c,VanderKelen,23-5,12-10-10b-ModGATC-2controls,23-5ITS-F,23-5ITS-R-biotin,23-5ITS-S
12/10/2010,,Ck-030,8/27/2010,EBI 1,A4,ModGATC-2c,VanderKelen,23-5,12-10-10b-ModGATC-2controls,23-5ITS-F,23-5ITS-R-biotin,23-5ITS-S
12/10/2010,,Ck-031,8/27/2010,EBI 1,A5,ModGATC-2c,VanderKelen,23-5,12-10-10b-ModGATC-2controls,23-5ITS-F,23-5ITS-R-biotin,23-5ITS-S
12/10/2010,,Ck-032,8/27/2010,EBI 1,A6,ModGATC-2c,VanderKelen,23-5,12-10-10b-ModGATC-2controls,23-5ITS-F,23-5ITS-R-biotin,23-5ITS-S
12/10/2010,,Ck-033,8/27/2010,EBI 1,A7,ModGATC-2c,VanderKelen,23-5,12-10-10b-ModGATC-2controls,23-5ITS-F,23-5ITS-R-biotin,23-5ITS-S
12/10/2010,,Ck-034,8/27/2010,EBI 1,A8,ModGATC-2c,VanderKelen,23-5,12-10-10b-ModGATC-2controls,23-5ITS-F,23-5ITS-R-biotin,23-5ITS-S
12/10/2010,,Ck-035,8/27/2010,EBI 1,B1,ModGATC-2c,VanderKelen,23-5,12-10-10b-ModGATC-2controls,23-5ITS-F,23-5ITS-R-biotin,23-5ITS-S
12/10/2010,,Ck-036,8/27/2010,EBI 1,B2,ModGATC-2c,VanderKelen,23-5,12-10-10b-ModGATC-2controls,23-5ITS-F,23-5ITS-R-biotin,23-5ITS-S
12/10/2010,,Ck-037,8/27/2010,EBI 1,B3,ModGATC-2c,VanderKelen,23-5,12-10-10b-ModGATC-2controls,23-5ITS-F,23-5ITS-R-biotin,23-5ITS-S
12/10/2010,,Ck-038,8/27/2010,EBI 1,B4,ModGATC-2c,VanderKelen,23-5,12-10-10b-ModGATC-2controls,23-5ITS-F,23-5ITS-R-biotin,23-5ITS-S
12/10/2010,,Ck-039,8/27/2010,EBI 1,B5,ModGATC-2c,VanderKelen,23-5,12-10-10b-ModGATC-2controls,23-5ITS-F,23-5ITS-R-biotin,23-5ITS-S
12/10/2010,,Ck-040,8/27/2010,EBI 1,B6,ModGATC-2c,VanderKelen,23-5,12-10-10b-ModGATC-2controls,23-5ITS-F,23-5ITS-R-biotin,23-5ITS-S
12/10/2010,,Ck-041,8/27/2010,EBI 1,B7,ModGATC-2c,VanderKelen,23-5,12-10-10b-ModGATC-2controls,23-5ITS-F,23-5ITS-R-biotin,23-5ITS-S
12/10/2010,,Ck-042,8/27/2010,EBI 1,B8,ModGATC-2c,VanderKelen,23-5,12-10-10b-ModGATC-2controls,23-5ITS-F,23-5ITS-R-biotin,23-5ITS-S
12/10/2010,,Ck-043,8/27/2010,EBI 1,C1,ModGATC-2c,VanderKelen,23-5,12-10-10b-ModGATC-2controls,23-5ITS-F,23-5ITS-R-biotin,23-5ITS-S
12/10/2010,,Ck-044,8/27/2010,EBI 1,C2,ModGATC-2c,VanderKelen,23-5,12-10-10b-ModGATC-2controls,23-5ITS-F,23-5ITS-R-biotin,23-5ITS-S
12/10/2010,,Pg-085,9/8/2010,EBI 1,C3,ModGATC-2c,VanderKelen,23-5,12-10-10b-ModGATC-2controls,23-5ITS-F,23-5ITS-R-biotin,23-5ITS-S
12/10/2010,,Pg-086,9/8/2010,EBI 1,C4,ModGATC-2c,VanderKelen,23-5,12-10-10b-ModGATC-2controls,23-5ITS-F,23-5ITS-R-biotin,23-5ITS-S
12/10/2010,,Pg-087,9/8/2010,EBI 1,C5,ModGATC-2c,VanderKelen,23-5,12-10-10b-ModGATC-2controls,23-5ITS-F,23-5ITS-R-biotin,23-5ITS-S
12/10/2010,,Pg-088,9/8/2010,EBI 1,C6,ModGATC-2c,VanderKelen,23-5,12-10-10b-ModGATC-2controls,23-5ITS-F,23-5ITS-R-biotin,23-5ITS-S
12/10/2010,,Pg-089,9/8/2010,EBI 1,C7,ModGATC-2c,VanderKelen,23-5,12-10-10b-ModGATC-2controls,23-5ITS-F,23-5ITS-R-biotin,23-5ITS-S
12/10/2010,,Pg-090,9/8/2010,EBI 1,C8,ModGATC-2c,VanderKelen,23-5,12-10-10b-ModGATC-2controls,23-5ITS-F,23-5ITS-R-biotin,23-5ITS-S
12/13/2010,,Ct-001,8/30/2010,EBI 1,A1,ModGATC-2c,VanderKelen,23-5,12-13-10-ModGATC-2controls,23-5ITS-F,23-5ITS-R-biotin,23-5ITS-S
12/13/2010,,Ct-002,8/30/2010,EBI 1,A2,ModGATC-2c,VanderKelen,23-5,12-13-10-ModGATC-2controls,23-5ITS-F,23-5ITS-R-biotin,23-5ITS-S
12/13/2010,,Ct-003,8/30/2010,EBI 1,A3,ModGATC-2c,VanderKelen,23-5,12-13-10-ModGATC-2controls,23-5ITS-F,23-5ITS-R-biotin,23-5ITS-S
12/13/2010,,Ct-004,8/30/2010,EBI 1,A4,ModGATC-2c,VanderKelen,23-5,12-13-10-ModGATC-2controls,23-5ITS-F,23-5ITS-R-biotin,23-5ITS-S
12/13/2010,,Ct-005,8/30/2010,EBI 1,A5,ModGATC-2c,VanderKelen,23-5,12-13-10-ModGATC-2controls,23-5ITS-F,23-5ITS-R-biotin,23-5ITS-S
12/13/2010,,Ct-006,8/30/2010,EBI 1,A6,ModGATC-2c,VanderKelen,23-5,12-13-10-ModGATC-2controls,23-5ITS-F,23-5ITS-R-biotin,23-5ITS-S
12/13/2010,,Ct-007,8/30/2010,EBI 1,A7,ModGATC-2c,VanderKelen,23-5,12-13-10-ModGATC-2controls,23-5ITS-F,23-5ITS-R-biotin,23-5ITS-S
12/13/2010,,Ct-008,8/30/2010,EBI 1,B1,ModGATC-2c,VanderKelen,23-5,12-13-10-ModGATC-2controls,23-5ITS-F,23-5ITS-R-biotin,23-5ITS-S
12/13/2010,,Ct-009,8/30/2010,EBI 1,B2,ModGATC-2c,VanderKelen,23-5,12-13-10-ModGATC-2controls,23-5ITS-F,23-5ITS-R-biotin,23-5ITS-S
12/13/2010,,Ct-010,8/30/2010,EBI 1,B3,ModGATC-2c,VanderKelen,23-5,12-13-10-ModGATC-2controls,23-5ITS-F,23-5ITS-R-biotin,23-5ITS-S
12/13/2010,,Ct-011,8/30/2010,EBI 1,B4,ModGATC-2c,VanderKelen,23-5,12-13-10-ModGATC-2controls,23-5ITS-F,23-5ITS-R-biotin,23-5ITS-S
12/13/2010,,Sg-027,8/12/2010,EBI 1,B5,ModGATC-2c,VanderKelen,23-5,12-13-10-ModGATC-2controls,23-5ITS-F,23-5ITS-R-biotin,23-5ITS-S
12/13/2010,,Sg-028,8/12/2010,EBI 1,B6,ModGATC-2c,VanderKelen,23-5,12-13-10-ModGATC-2controls,23-5ITS-F,23-5ITS-R-biotin,23-5ITS-S
12/13/2010,,Sg-029,8/12/2010,EBI 1,B7,ModGATC-2c,VanderKelen,23-5,12-13-10-ModGATC-2controls,23-5ITS-F,23-5ITS-R-biotin,23-5ITS-S
12/13/2010,,Sg-030,8/12/2010,EBI 1,B8,ModGATC-2c,VanderKelen,23-5,12-13-10-ModGATC-2controls,23-5ITS-F,23-5ITS-R-biotin,23-5ITS-S
12/13/2010,,Sg-039,8/12/2010,EBI 1,C1,ModGATC-2c,VanderKelen,23-5,12-13-10-ModGATC-2controls,23-5ITS-F,23-5ITS-R-biotin,23-5ITS-S
12/13/2010,,Sg-040,8/12/2010,EBI 1,C2,ModGATC-2c,VanderKelen,23-5,12-13-10-ModGATC-2controls,23-5ITS-F,23-5ITS-R-biotin,23-5ITS-S
12/13/2010,,Sg-041,8/12/2010,EBI 1,C3,ModGATC-2c,VanderKelen,23-5,12-13-10-ModGATC-2controls,23-5ITS-F,23-5ITS-R-biotin,23-5ITS-S
12/13/2010,,Sg-042,8/12/2010,EBI 1,C4,ModGATC-2c,VanderKelen,23-5,12-13-10-ModGATC-2controls,23-5ITS-F,23-5ITS-R-biotin,23-5ITS-S
12/13/2010,,Sg-043,8/12/2010,EBI 1,C5,ModGATC-2c,VanderKelen,23-5,12-13-10-ModGATC-2controls,23-5ITS-F,23-5ITS-R-biotin,23-5ITS-S
12/13/2010,,Sg-044,8/12/2010,EBI 1,C6,ModGATC-2c,VanderKelen,23-5,12-13-10-ModGATC-2controls,23-5ITS-F,23-5ITS-R-biotin,23-5ITS-S
12/13/2010,,Sg-045,8/12/2010,EBI 1,C7,ModGATC-2c,VanderKelen,23-5,12-13-10-ModGATC-2controls,23-5ITS-F,23-5ITS-R-biotin,23-5ITS-S
12/13/2010,,Sg-046,8/12/2010,EBI 1,C8,ModGATC-2c,VanderKelen,23-5,12-13-10-ModGATC-2controls,23-5ITS-F,23-5ITS-R-biotin,23-5ITS-S
12/13/2010,,Sg-052,9/2/2010,EBI 1,A8,ModGATC-2c,VanderKelen,23-5,12-13-10-ModGATC-2controls,23-5ITS-F,23-5ITS-R-biotin,23-5ITS-S
12/13/2010,,Sg-031,8/12/2010,EBI 1,C1,ModGATC-2c,VanderKelen,23-5,12-13-10b-ModGATC-2controls,23-5ITS-F,23-5ITS-R-biotin,23-5ITS-S
12/13/2010,,Sg-032,8/12/2010,EBI 1,C2,ModGATC-2c,VanderKelen,23-5,12-13-10b-ModGATC-2controls,23-5ITS-F,23-5ITS-R-biotin,23-5ITS-S
12/13/2010,,Sg-033,8/12/2010,EBI 1,C3,ModGATC-2c,VanderKelen,23-5,12-13-10b-ModGATC-2controls,23-5ITS-F,23-5ITS-R-biotin,23-5ITS-S
12/13/2010,,Sg-034,8/12/2010,EBI 1,C4,ModGATC-2c,VanderKelen,23-5,12-13-10b-ModGATC-2controls,23-5ITS-F,23-5ITS-R-biotin,23-5ITS-S
12/13/2010,,Sg-035,8/12/2010,EBI 1,C5,ModGATC-2c,VanderKelen,23-5,12-13-10b-ModGATC-2controls,23-5ITS-F,23-5ITS-R-biotin,23-5ITS-S
12/13/2010,,Sg-036,8/12/2010,EBI 1,C6,ModGATC-2c,VanderKelen,23-5,12-13-10b-ModGATC-2controls,23-5ITS-F,23-5ITS-R-biotin,23-5ITS-S
12/13/2010,,Sg-037,8/12/2010,EBI 1,C7,ModGATC-2c,VanderKelen,23-5,12-13-10b-ModGATC-2controls,23-5ITS-F,23-5ITS-R-biotin,23-5ITS-S
12/13/2010,,Sg-038,8/12/2010,EBI 1,C8,ModGATC-2c,VanderKelen,23-5,12-13-10b-ModGATC-2controls,23-5ITS-F,23-5ITS-R-biotin,23-5ITS-S
12/13/2010,,Sg-047,9/2/2010,EBI 1,B4,ModGATC-2c,VanderKelen,23-5,12-13-10b-ModGATC-2controls,23-5ITS-F,23-5ITS-R-biotin,23-5ITS-S
12/13/2010,,Sg-048,9/2/2010,EBI 1,B5,ModGATC-2c,VanderKelen,23-5,12-13-10b-ModGATC-2controls,23-5ITS-F,23-5ITS-R-biotin,23-5ITS-S
12/13/2010,,Sg-049,9/2/2010,EBI 1,B6,ModGATC-2c,VanderKelen,23-5,12-13-10b-ModGATC-2controls,23-5ITS-F,23-5ITS-R-biotin,23-5ITS-S
12/13/2010,,Sg-050,9/2/2010,EBI 1,B7,ModGATC-2c,VanderKelen,23-5,12-13-10b-ModGATC-2controls,23-5ITS-F,23-5ITS-R-biotin,23-5ITS-S
12/13/2010,,Sg-051,9/2/2010,EBI 1,B8,ModGATC-2c,VanderKelen,23-5,12-13-10b-ModGATC-2controls,23-5ITS-F,23-5ITS-R-biotin,23-5ITS-S
12/13/2010,,ES-082,12/11/2010,EBI 1,A1,ModGATC-2c,VanderKelen,23-5,12-13-10b-ModGATC-2controls,23-5ITS-F,23-5ITS-R-biotin,23-5ITS-S
12/13/2010,,ES-083,12/11/2010,EBI 1,A2,ModGATC-2c,VanderKelen,23-5,12-13-10b-ModGATC-2controls,23-5ITS-F,23-5ITS-R-biotin,23-5ITS-S
12/13/2010,,ES-084,12/11/2010,EBI 1,A3,ModGATC-2c,VanderKelen,23-5,12-13-10b-ModGATC-2controls,23-5ITS-F,23-5ITS-R-biotin,23-5ITS-S
12/13/2010,,ES-085,12/11/2010,EBI 1,A4,ModGATC-2c,VanderKelen,23-5,12-13-10b-ModGATC-2controls,23-5ITS-F,23-5ITS-R-biotin,23-5ITS-S
12/13/2010,,ES-086,12/11/2010,EBI 1,A5,ModGATC-2c,VanderKelen,23-5,12-13-10b-ModGATC-2controls,23-5ITS-F,23-5ITS-R-biotin,23-5ITS-S
12/13/2010,,ES-087,12/11/2010,EBI 1,A6,ModGATC-2c,VanderKelen,23-5,12-13-10b-ModGATC-2controls,23-5ITS-F,23-5ITS-R-biotin,23-5ITS-S
12/13/2010,,ES-088,12/11/2010,EBI 1,A7,ModGATC-2c,VanderKelen,23-5,12-13-10b-ModGATC-2controls,23-5ITS-F,23-5ITS-R-biotin,23-5ITS-S
12/13/2010,,ES-089,12/11/2010,EBI 1,A8,ModGATC-2c,VanderKelen,23-5,12-13-10b-ModGATC-2controls,23-5ITS-F,23-5ITS-R-biotin,23-5ITS-S
12/13/2010,,ES-098,12/11/2010,EBI 1,B1,ModGATC-2c,VanderKelen,23-5,12-13-10b-ModGATC-2controls,23-5ITS-F,23-5ITS-R-biotin,23-5ITS-S
12/13/2010,,ES-099,12/11/2010,EBI 1,B2,ModGATC-2c,VanderKelen,23-5,12-13-10b-ModGATC-2controls,23-5ITS-F,23-5ITS-R-biotin,23-5ITS-S
12/13/2010,,ES-100,12/11/2010,EBI 1,B3,ModGATC-2c,VanderKelen,23-5,12-13-10b-ModGATC-2controls,23-5ITS-F,23-5ITS-R-biotin,23-5ITS-S
12/7/2010,,Dg-001,8/20/2010,EBI 1,B1,ModGATC-2c,VanderKelen,23-5,12-7-10-ModGATC-2controls,23-5ITS-F,23-5ITS-R-biotin,23-5ITS-S
12/7/2010,,Dg-002,8/20/2010,EBI 1,B2,ModGATC-2c,VanderKelen,23-5,12-7-10-ModGATC-2controls,23-5ITS-F,23-5ITS-R-biotin,23-5ITS-S
12/7/2010,,Dg-003,8/20/2010,EBI 1,B3,ModGATC-2c,VanderKelen,23-5,12-7-10-ModGATC-2controls,23-5ITS-F,23-5ITS-R-biotin,23-5ITS-S
12/7/2010,,Dg-004,8/20/2010,EBI 1,B4,ModGATC-2c,VanderKelen,23-5,12-7-10-ModGATC-2controls,23-5ITS-F,23-5ITS-R-biotin,23-5ITS-S
12/7/2010,,Dg-005,8/20/2010,EBI 1,B5,ModGATC-2c,VanderKelen,23-5,12-7-10-ModGATC-2controls,23-5ITS-F,23-5ITS-R-biotin,23-5ITS-S
12/7/2010,,Dg-006,8/20/2010,EBI 1,B6,ModGATC-2c,VanderKelen,23-5,12-7-10-ModGATC-2controls,23-5ITS-F,23-5ITS-R-biotin,23-5ITS-S
12/7/2010,,Dg-007,8/20/2010,EBI 1,B7,ModGATC-2c,VanderKelen,23-5,12-7-10-ModGATC-2controls,23-5ITS-F,23-5ITS-R-biotin,23-5ITS-S
12/7/2010,,Dg-008,8/20/2010,EBI 1,B8,ModGATC-2c,VanderKelen,23-5,12-7-10-ModGATC-2controls,23-5ITS-F,23-5ITS-R-biotin,23-5ITS-S
12/7/2010,,Dg-009,8/20/2010,EBI 1,C1,ModGATC-2c,VanderKelen,23-5,12-7-10-ModGATC-2controls,23-5ITS-F,23-5ITS-R-biotin,23-5ITS-S
12/7/2010,,Dg-010,8/20/2010,EBI 1,C2,ModGATC-2c,VanderKelen,23-5,12-7-10-ModGATC-2controls,23-5ITS-F,23-5ITS-R-biotin,23-5ITS-S
12/7/2010,,Dg-011,8/20/2010,EBI 1,C3,ModGATC-2c,VanderKelen,23-5,12-7-10-ModGATC-2controls,23-5ITS-F,23-5ITS-R-biotin,23-5ITS-S
12/7/2010,,Dg-012,8/20/2010,EBI 1,C4,ModGATC-2c,VanderKelen,23-5,12-7-10-ModGATC-2controls,23-5ITS-F,23-5ITS-R-biotin,23-5ITS-S
12/7/2010,,Dg-013,8/20/2010,EBI 1,C5,ModGATC-2c,VanderKelen,23-5,12-7-10-ModGATC-2controls,23-5ITS-F,23-5ITS-R-biotin,23-5ITS-S
12/7/2010,,Dg-014,8/20/2010,EBI 1,C6,ModGATC-2c,VanderKelen,23-5,12-7-10-ModGATC-2controls,23-5ITS-F,23-5ITS-R-biotin,23-5ITS-S
12/7/2010,,Pg-091,9/12/2010,EBI 1,A1,ModGATC-2c,VanderKelen,23-5,12-7-10-ModGATC-2controls,23-5ITS-F,23-5ITS-R-biotin,23-5ITS-S
12/7/2010,,Pg-092,9/12/2010,EBI 1,A2,ModGATC-2c,VanderKelen,23-5,12-7-10-ModGATC-2controls,23-5ITS-F,23-5ITS-R-biotin,23-5ITS-S
12/7/2010,,Pg-093,9/12/2010,EBI 1,A3,ModGATC-2c,VanderKelen,23-5,12-7-10-ModGATC-2controls,23-5ITS-F,23-5ITS-R-biotin,23-5ITS-S
12/7/2010,,Pg-094,9/12/2010,EBI 1,A4,ModGATC-2c,VanderKelen,23-5,12-7-10-ModGATC-2controls,23-5ITS-F,23-5ITS-R-biotin,23-5ITS-S
12/7/2010,,Pg-095,9/12/2010,EBI 1,A5,ModGATC-2c,VanderKelen,23-5,12-7-10-ModGATC-2controls,23-5ITS-F,23-5ITS-R-biotin,23-5ITS-S
12/7/2010,,Pg-096,9/12/2010,EBI 1,A6,ModGATC-2c,VanderKelen,23-5,12-7-10-ModGATC-2controls,23-5ITS-F,23-5ITS-R-biotin,23-5ITS-S
12/7/2010,,Pg-097,9/12/2010,EBI 1,A7,ModGATC-2c,VanderKelen,23-5,12-7-10-ModGATC-2controls,23-5ITS-F,23-5ITS-R-biotin,23-5ITS-S
12/7/2010,,Pg-098,9/12/2010,EBI 1,A8,ModGATC-2c,VanderKelen,23-5,12-7-10-ModGATC-2controls,23-5ITS-F,23-5ITS-R-biotin,23-5ITS-S
12/7/2010,,Pg-099,9/12/2010,EBI 1,C7,ModGATC-2c,VanderKelen,23-5,12-7-10-ModGATC-2controls,23-5ITS-F,23-5ITS-R-biotin,23-5ITS-S
12/7/2010,,Pg-100,9/12/2010,EBI 1,C8,ModGATC-2c,VanderKelen,23-5,12-7-10-ModGATC-2controls,23-5ITS-F,23-5ITS-R-biotin,23-5ITS-S
12/7/2010,,Pg-013,8/12/2010,EBI 1,A1,ModGATC-2c,VanderKelen,23-5,12-7-10b-ModGATC-2controls,23-5ITS-F,23-5ITS-R-biotin,23-5ITS-S
12/7/2010,,Pg-014,8/12/2010,EBI 1,A2,ModGATC-2c,VanderKelen,23-5,12-7-10b-ModGATC-2controls,23-5ITS-F,23-5ITS-R-biotin,23-5ITS-S
12/7/2010,,Pg-015,8/12/2010,EBI 1,A3,ModGATC-2c,VanderKelen,23-5,12-7-10b-ModGATC-2controls,23-5ITS-F,23-5ITS-R-biotin,23-5ITS-S
12/7/2010,,Pg-016,8/12/2010,EBI 1,A4,ModGATC-2c,VanderKelen,23-5,12-7-10b-ModGATC-2controls,23-5ITS-F,23-5ITS-R-biotin,23-5ITS-S
12/7/2010,,Pg-017,8/12/2010,EBI 1,A5,ModGATC-2c,VanderKelen,23-5,12-7-10b-ModGATC-2controls,23-5ITS-F,23-5ITS-R-biotin,23-5ITS-S
12/7/2010,,Pg-018,8/12/2010,EBI 1,A6,ModGATC-2c,VanderKelen,23-5,12-7-10b-ModGATC-2controls,23-5ITS-F,23-5ITS-R-biotin,23-5ITS-S
12/7/2010,,Pg-019,8/12/2010,EBI 1,A7,ModGATC-2c,VanderKelen,23-5,12-7-10b-ModGATC-2controls,23-5ITS-F,23-5ITS-R-biotin,23-5ITS-S
12/7/2010,,Pg-020,8/12/2010,EBI 1,A8,ModGATC-2c,VanderKelen,23-5,12-7-10b-ModGATC-2controls,23-5ITS-F,23-5ITS-R-biotin,23-5ITS-S
12/7/2010,,Pg-021,8/12/2010,EBI 1,B1,ModGATC-2c,VanderKelen,23-5,12-7-10b-ModGATC-2controls,23-5ITS-F,23-5ITS-R-biotin,23-5ITS-S
12/7/2010,,Pg-022,8/12/2010,EBI 1,B2,ModGATC-2c,VanderKelen,23-5,12-7-10b-ModGATC-2controls,23-5ITS-F,23-5ITS-R-biotin,23-5ITS-S
12/7/2010,,Pg-023,8/20/2010,EBI 1,C8,ModGATC-2c,VanderKelen,23-5,12-7-10b-ModGATC-2controls,23-5ITS-F,23-5ITS-R-biotin,23-5ITS-S
12/7/2010,,Pg-024,8/20/2010,EBI 1,C7,ModGATC-2c,VanderKelen,23-5,12-7-10b-ModGATC-2controls,23-5ITS-F,23-5ITS-R-biotin,23-5ITS-S
12/7/2010,,Pg-025,8/20/2010,EBI 1,C6,ModGATC-2c,VanderKelen,23-5,12-7-10b-ModGATC-2controls,23-5ITS-F,23-5ITS-R-biotin,23-5ITS-S
12/7/2010,,Pg-026,8/20/2010,EBI 1,C5,ModGATC-2c,VanderKelen,23-5,12-7-10b-ModGATC-2controls,23-5ITS-F,23-5ITS-R-biotin,23-5ITS-S
12/7/2010,,Pg-027,8/20/2010,EBI 1,C4,ModGATC-2c,VanderKelen,23-5,12-7-10b-ModGATC-2controls,23-5ITS-F,23-5ITS-R-biotin,23-5ITS-S
12/7/2010,,Pg-028,8/20/2010,EBI 1,C3,ModGATC-2c,VanderKelen,23-5,12-7-10b-ModGATC-2controls,23-5ITS-F,23-5ITS-R-biotin,23-5ITS-S
12/7/2010,,Pg-029,8/20/2010,EBI 1,C2,ModGATC-2c,VanderKelen,23-5,12-7-10b-ModGATC-2controls,23-5ITS-F,23-5ITS-R-biotin,23-5ITS-S
12/7/2010,,Pg-030,8/20/2010,EBI 1,C1,ModGATC-2c,VanderKelen,23-5,12-7-10b-ModGATC-2controls,23-5ITS-F,23-5ITS-R-biotin,23-5ITS-S
12/7/2010,,Pg-039,8/24/2010,EBI 1,B3,ModGATC-2c,VanderKelen,23-5,12-7-10b-ModGATC-2controls,23-5ITS-F,23-5ITS-R-biotin,23-5ITS-S
12/7/2010,,Pg-040,8/24/2010,EBI 1,B4,ModGATC-2c,VanderKelen,23-5,12-7-10b-ModGATC-2controls,23-5ITS-F,23-5ITS-R-biotin,23-5ITS-S
12/7/2010,,Pg-041,8/24/2010,EBI 1,B5,ModGATC-2c,VanderKelen,23-5,12-7-10b-ModGATC-2controls,23-5ITS-F,23-5ITS-R-biotin,23-5ITS-S
12/7/2010,,Pg-042,8/24/2010,EBI 1,B6,ModGATC-2c,VanderKelen,23-5,12-7-10b-ModGATC-2controls,23-5ITS-F,23-5ITS-R-biotin,23-5ITS-S
12/7/2010,,Pg-043,8/24/2010,EBI 1,B7,ModGATC-2c,VanderKelen,23-5,12-7-10b-ModGATC-2controls,23-5ITS-F,23-5ITS-R-biotin,23-5ITS-S
12/7/2010,,Pg-044,8/24/2010,EBI 1,B8,ModGATC-2c,VanderKelen,23-5,12-7-10b-ModGATC-2controls,23-5ITS-F,23-5ITS-R-biotin,23-5ITS-S
12/9/2010,,Pg-031,8/20/2010,EBI 1,A1,ModGATC-2c,VanderKelen,23-5,12-9-10-ModGATC-2controls,23-5ITS-F,23-5ITS-R-biotin,23-5ITS-S
12/9/2010,,Pg-032,8/20/2010,EBI 1,A2,ModGATC-2c,VanderKelen,23-5,12-9-10-ModGATC-2controls,23-5ITS-F,23-5ITS-R-biotin,23-5ITS-S
12/9/2010,,Pg-033,8/20/2010,EBI 1,A3,ModGATC-2c,VanderKelen,23-5,12-9-10-ModGATC-2controls,23-5ITS-F,23-5ITS-R-biotin,23-5ITS-S
12/9/2010,,Pg-034,8/20/2010,EBI 1,A4,ModGATC-2c,VanderKelen,23-5,12-9-10-ModGATC-2controls,23-5ITS-F,23-5ITS-R-biotin,23-5ITS-S
12/9/2010,,Pg-035,8/20/2010,EBI 1,A5,ModGATC-2c,VanderKelen,23-5,12-9-10-ModGATC-2controls,23-5ITS-F,23-5ITS-R-biotin,23-5ITS-S
12/9/2010,,Pg-036,8/20/2010,EBI 1,A6,ModGATC-2c,VanderKelen,23-5,12-9-10-ModGATC-2controls,23-5ITS-F,23-5ITS-R-biotin,23-5ITS-S
12/9/2010,,Pg-037,8/20/2010,EBI 1,A7,ModGATC-2c,VanderKelen,23-5,12-9-10-ModGATC-2controls,23-5ITS-F,23-5ITS-R-biotin,23-5ITS-S
12/9/2010,,Pg-038,8/20/2010,EBI 1,A8,ModGATC-2c,VanderKelen,23-5,12-9-10-ModGATC-2controls,23-5ITS-F,23-5ITS-R-biotin,23-5ITS-S
12/9/2010,,Pg-045,9/2/2010,EBI 1,B1,ModGATC-2c,VanderKelen,23-5,12-9-10-ModGATC-2controls,23-5ITS-F,23-5ITS-R-biotin,23-5ITS-S
12/9/2010,,Pg-046,9/2/2010,EBI 1,B2,ModGATC-2c,VanderKelen,23-5,12-9-10-ModGATC-2controls,23-5ITS-F,23-5ITS-R-biotin,23-5ITS-S
12/9/2010,,Pg-047,9/2/2010,EBI 1,B3,ModGATC-2c,VanderKelen,23-5,12-9-10-ModGATC-2controls,23-5ITS-F,23-5ITS-R-biotin,23-5ITS-S
12/9/2010,,Pg-048,9/2/2010,EBI 1,B4,ModGATC-2c,VanderKelen,23-5,12-9-10-ModGATC-2controls,23-5ITS-F,23-5ITS-R-biotin,23-5ITS-S
12/9/2010,,Pg-049,9/2/2010,EBI 1,B5,ModGATC-2c,VanderKelen,23-5,12-9-10-ModGATC-2controls,23-5ITS-F,23-5ITS-R-biotin,23-5ITS-S
12/9/2010,,Pg-050,9/2/2010,EBI 1,B6,ModGATC-2c,VanderKelen,23-5,12-9-10-ModGATC-2controls,23-5ITS-F,23-5ITS-R-biotin,23-5ITS-S
12/9/2010,,Pg-051,9/2/2010,EBI 1,B7,ModGATC-2c,VanderKelen,23-5,12-9-10-ModGATC-2controls,23-5ITS-F,23-5ITS-R-biotin,23-5ITS-S
12/9/2010,,Pg-052,9/2/2010,EBI 1,B8,ModGATC-2c,VanderKelen,23-5,12-9-10-ModGATC-2controls,23-5ITS-F,23-5ITS-R-biotin,23-5ITS-S
12/9/2010,,Pg-055,9/7/2010,EBI 1,C1,ModGATC-2c,VanderKelen,23-5,12-9-10-ModGATC-2controls,23-5ITS-F,23-5ITS-R-biotin,23-5ITS-S
12/9/2010,,Pg-056,9/7/2010,EBI 1,C2,ModGATC-2c,VanderKelen,23-5,12-9-10-ModGATC-2controls,23-5ITS-F,23-5ITS-R-biotin,23-5ITS-S
12/9/2010,,Pg-057,9/7/2010,EBI 1,C3,ModGATC-2c,VanderKelen,23-5,12-9-10-ModGATC-2controls,23-5ITS-F,23-5ITS-R-biotin,23-5ITS-S
12/9/2010,,Pg-058,9/7/2010,EBI 1,C4,ModGATC-2c,VanderKelen,23-5,12-9-10-ModGATC-2controls,23-5ITS-F,23-5ITS-R-biotin,23-5ITS-S
12/9/2010,,Pg-059,9/7/2010,EBI 1,C5,ModGATC-2c,VanderKelen,23-5,12-9-10-ModGATC-2controls,23-5ITS-F,23-5ITS-R-biotin,23-5ITS-S
12/9/2010,,Pg-060,9/7/2010,EBI 1,C6,ModGATC-2c,VanderKelen,23-5,12-9-10-ModGATC-2controls,23-5ITS-F,23-5ITS-R-biotin,23-5ITS-S
12/9/2010,,Pg-061,9/7/2010,EBI 1,C7,ModGATC-2c,VanderKelen,23-5,12-9-10-ModGATC-2controls,23-5ITS-F,23-5ITS-R-biotin,23-5ITS-S
12/9/2010,,Pg-062,9/7/2010,EBI 1,C8,ModGATC-2c,VanderKelen,23-5,12-9-10-ModGATC-2controls,23-5ITS-F,23-5ITS-R-biotin,23-5ITS-S
3/1/2011,1200,Hu-067,2/15/2011,3,A1,ModGATC-2c,AKH,23-5,3-3/1/11-1200,23-5ITS-F,23-5ITS-R-biotin,23-5ITS-S
3/1/2011,1200,Hu-067,2/15/2011,3,A2,ModGATC-2c,AKH,23-5,3-3/1/11-1200,23-5ITS-F,23-5ITS-R-biotin,23-5ITS-S
3/1/2011,1200,Hu-067,2/15/2011,3,A3,ModGATC-2c,AKH,23-5,3-3/1/11-1200,23-5ITS-F,23-5ITS-R-biotin,23-5ITS-S
3/1/2011,1200,Hu-066,2/15/2011,3,A4,ModGATC-2c,AKH,23-5,3-3/1/11-1200,23-5ITS-F,23-5ITS-R-biotin,23-5ITS-S
3/1/2011,1200,Hu-066,2/15/2011,3,A5,ModGATC-2c,AKH,23-5,3-3/1/11-1200,23-5ITS-F,23-5ITS-R-biotin,23-5ITS-S
3/1/2011,1200,Hu-066,2/15/2011,3,A6,ModGATC-2c,AKH,23-5,3-3/1/11-1200,23-5ITS-F,23-5ITS-R-biotin,23-5ITS-S
3/1/2011,1200,Hu-090,2/15/2011,3,A7,ModGATC-2c,AKH,23-5,3-3/1/11-1200,23-5ITS-F,23-5ITS-R-biotin,23-5ITS-S
3/1/2011,1200,Hu-090,2/15/2011,3,A8,ModGATC-2c,AKH,23-5,3-3/1/11-1200,23-5ITS-F,23-5ITS-R-biotin,23-5ITS-S
3/1/2011,1200,Hu-090,2/15/2011,3,B1,ModGATC-2c,AKH,23-5,3-3/1/11-1200,23-5ITS-F,23-5ITS-R-biotin,23-5ITS-S
3/1/2011,1200,Hu-089,2/15/2011,3,B2,ModGATC-2c,AKH,23-5,3-3/1/11-1200,23-5ITS-F,23-5ITS-R-biotin,23-5ITS-S
3/1/2011,1200,Hu-089,2/15/2011,3,B3,ModGATC-2c,AKH,23-5,3-3/1/11-1200,23-5ITS-F,23-5ITS-R-biotin,23-5ITS-S
3/1/2011,1200,Hu-089,2/15/2011,3,B4,ModGATC-2c,AKH,23-5,3-3/1/11-1200,23-5ITS-F,23-5ITS-R-biotin,23-5ITS-S
3/1/2011,1200,Hu-022,2/15/2011,3,B5,ModGATC-2c,AKH,23-5,3-3/1/11-1200,23-5ITS-F,23-5ITS-R-biotin,23-5ITS-S
3/1/2011,1200,Hu-022,2/15/2011,3,B6,ModGATC-2c,AKH,23-5,3-3/1/11-1200,23-5ITS-F,23-5ITS-R-biotin,23-5ITS-S
3/1/2011,1200,Hu-022,2/15/2011,3,B7,ModGATC-2c,AKH,23-5,3-3/1/11-1200,23-5ITS-F,23-5ITS-R-biotin,23-5ITS-S
3/1/2011,1200,Hu-056,2/15/2011,3,B8,ModGATC-2c,AKH,23-5,3-3/1/11-1200,23-5ITS-F,23-5ITS-R-biotin,23-5ITS-S
3/1/2011,1200,Hu-021,2/15/2011,3,C1,ModGATC-2c,AKH,23-5,3-3/1/11-1200,23-5ITS-F,23-5ITS-R-biotin,23-5ITS-S
3/1/2011,1200,Hu-021,2/15/2011,3,C2,ModGATC-2c,AKH,23-5,3-3/1/11-1200,23-5ITS-F,23-5ITS-R-biotin,23-5ITS-S
3/1/2011,1200,Hu-021,2/15/2011,3,C3,ModGATC-2c,AKH,23-5,3-3/1/11-1200,23-5ITS-F,23-5ITS-R-biotin,23-5ITS-S
3/1/2011,1200,Hu-053,2/15/2011,3,C4,ModGATC-2c,AKH,23-5,3-3/1/11-1200,23-5ITS-F,23-5ITS-R-biotin,23-5ITS-S
3/1/2011,1200,Hu-053,2/15/2011,3,C5,ModGATC-2c,AKH,23-5,3-3/1/11-1200,23-5ITS-F,23-5ITS-R-biotin,23-5ITS-S
3/1/2011,1200,Hu-053,2/15/2011,3,C6,ModGATC-2c,AKH,23-5,3-3/1/11-1200,23-5ITS-F,23-5ITS-R-biotin,23-5ITS-S
3/1/2011,1200,Hu-056,2/15/2011,3,C7,ModGATC-2c,AKH,23-5,3-3/1/11-1200,23-5ITS-F,23-5ITS-R-biotin,23-5ITS-S
3/1/2011,1200,Hu-056,2/15/2011,3,C8,ModGATC-2c,AKH,23-5,3-3/1/11-1200,23-5ITS-F,23-5ITS-R-biotin,23-5ITS-S
3/1/2011,1500,Hu-110,2/15/2011,3,A1,ModGATC-2c,AKH,23-5,3-3/1/11-1500,23-5ITS-F,23-5ITS-R-biotin,23-5ITS-S
3/1/2011,1500,Hu-110,2/15/2011,3,A2,ModGATC-2c,AKH,23-5,3-3/1/11-1500,23-5ITS-F,23-5ITS-R-biotin,23-5ITS-S
3/1/2011,1500,Hu-110,2/15/2011,3,A3,ModGATC-2c,AKH,23-5,3-3/1/11-1500,23-5ITS-F,23-5ITS-R-biotin,23-5ITS-S
3/1/2011,1500,Hu-105,2/15/2011,3,A4,ModGATC-2c,AKH,23-5,3-3/1/11-1500,23-5ITS-F,23-5ITS-R-biotin,23-5ITS-S
3/1/2011,1500,Hu-105,2/15/2011,3,A5,ModGATC-2c,AKH,23-5,3-3/1/11-1500,23-5ITS-F,23-5ITS-R-biotin,23-5ITS-S
3/1/2011,1500,Hu-105,2/15/2011,3,A6,ModGATC-2c,AKH,23-5,3-3/1/11-1500,23-5ITS-F,23-5ITS-R-biotin,23-5ITS-S
3/1/2011,1500,Hu-045,2/15/2011,3,A7,ModGATC-2c,AKH,23-5,3-3/1/11-1500,23-5ITS-F,23-5ITS-R-biotin,23-5ITS-S
3/1/2011,1500,Hu-045,2/15/2011,3,A8,ModGATC-2c,AKH,23-5,3-3/1/11-1500,23-5ITS-F,23-5ITS-R-biotin,23-5ITS-S
3/1/2011,1500,Hu-045,2/15/2011,3,B1,ModGATC-2c,AKH,23-5,3-3/1/11-1500,23-5ITS-F,23-5ITS-R-biotin,23-5ITS-S
3/1/2011,1500,Hu-047,2/15/2011,3,B2,ModGATC-2c,AKH,23-5,3-3/1/11-1500,23-5ITS-F,23-5ITS-R-biotin,23-5ITS-S
3/1/2011,1500,Hu-047,2/15/2011,3,B3,ModGATC-2c,AKH,23-5,3-3/1/11-1500,23-5ITS-F,23-5ITS-R-biotin,23-5ITS-S
3/1/2011,1500,Hu-047,2/15/2011,3,B4,ModGATC-2c,AKH,23-5,3-3/1/11-1500,23-5ITS-F,23-5ITS-R-biotin,23-5ITS-S
3/1/2011,1500,Hu-056,2/15/2011,3,B5,ModGATC-2c,AKH,23-5,3-3/1/11-1500,23-5ITS-F,23-5ITS-R-biotin,23-5ITS-S
3/1/2011,1500,Hu-056,2/15/2011,3,B6,ModGATC-2c,AKH,23-5,3-3/1/11-1500,23-5ITS-F,23-5ITS-R-biotin,23-5ITS-S
3/1/2011,1500,Hu-056,2/15/2011,3,B7,ModGATC-2c,AKH,23-5,3-3/1/11-1500,23-5ITS-F,23-5ITS-R-biotin,23-5ITS-S
3/1/2011,1500,Hu-053,2/15/2011,3,B8,ModGATC-2c,AKH,23-5,3-3/1/11-1500,23-5ITS-F,23-5ITS-R-biotin,23-5ITS-S
3/1/2011,1500,Hu-053,2/15/2011,3,C1,ModGATC-2c,AKH,23-5,3-3/1/11-1500,23-5ITS-F,23-5ITS-R-biotin,23-5ITS-S
3/1/2011,1500,Hu-053,2/15/2011,3,C2,ModGATC-2c,AKH,23-5,3-3/1/11-1500,23-5ITS-F,23-5ITS-R-biotin,23-5ITS-S
3/1/2011,1500,Hu-095,2/15/2011,3,C3,ModGATC-2c,AKH,23-5,3-3/1/11-1500,23-5ITS-F,23-5ITS-R-biotin,23-5ITS-S
3/1/2011,1500,Hu-095,2/15/2011,3,C4,ModGATC-2c,AKH,23-5,3-3/1/11-1500,23-5ITS-F,23-5ITS-R-biotin,23-5ITS-S
3/1/2011,1500,Hu-095,2/15/2011,3,C5,ModGATC-2c,AKH,23-5,3-3/1/11-1500,23-5ITS-F,23-5ITS-R-biotin,23-5ITS-S
3/1/2011,1500,Hu-093,2/15/2011,3,C6,ModGATC-2c,AKH,23-5,3-3/1/11-1500,23-5ITS-F,23-5ITS-R-biotin,23-5ITS-S
3/1/2011,1500,Hu-093,2/15/2011,3,C7,ModGATC-2c,AKH,23-5,3-3/1/11-1500,23-5ITS-F,23-5ITS-R-biotin,23-5ITS-S
3/1/2011,1500,Hu-093,2/15/2011,3,C8,ModGATC-2c,AKH,23-5,3-3/1/11-1500,23-5ITS-F,23-5ITS-R-biotin,23-5ITS-S
3/2/2011,1200,Hu-072,2/16/2011,3,A2,ModGATC-2c,AKH,23-5,3-3/2/11-1200,23-5ITS-F,23-5ITS-R-biotin,23-5ITS-S
3/2/2011,1200,Hu-072,2/16/2011,3,A3,ModGATC-2c,AKH,23-5,3-3/2/11-1200,23-5ITS-F,23-5ITS-R-biotin,23-5ITS-S
3/2/2011,1200,Hu-085,2/16/2011,3,A4,ModGATC-2c,AKH,23-5,3-3/2/11-1200,23-5ITS-F,23-5ITS-R-biotin,23-5ITS-S
3/2/2011,1200,Hu-085,2/16/2011,3,A5,ModGATC-2c,AKH,23-5,3-3/2/11-1200,23-5ITS-F,23-5ITS-R-biotin,23-5ITS-S
3/2/2011,1200,Hu-085,2/16/2011,3,A6,ModGATC-2c,AKH,23-5,3-3/2/11-1200,23-5ITS-F,23-5ITS-R-biotin,23-5ITS-S
3/2/2011,1200,Hu-025,2/16/2011,3,A7,ModGATC-2c,AKH,23-5,3-3/2/11-1200,23-5ITS-F,23-5ITS-R-biotin,23-5ITS-S
3/2/2011,1200,Hu-025,2/16/2011,3,A8,ModGATC-2c,AKH,23-5,3-3/2/11-1200,23-5ITS-F,23-5ITS-R-biotin,23-5ITS-S
3/2/2011,1200,Hu-025,2/16/2011,3,B1,ModGATC-2c,AKH,23-5,3-3/2/11-1200,23-5ITS-F,23-5ITS-R-biotin,23-5ITS-S
3/2/2011,1200,Hu-029,2/16/2011,3,B2,ModGATC-2c,AKH,23-5,3-3/2/11-1200,23-5ITS-F,23-5ITS-R-biotin,23-5ITS-S
3/2/2011,1200,Hu-029,2/16/2011,3,B3,ModGATC-2c,AKH,23-5,3-3/2/11-1200,23-5ITS-F,23-5ITS-R-biotin,23-5ITS-S
3/2/2011,1200,Hu-029,2/16/2011,3,B4,ModGATC-2c,AKH,23-5,3-3/2/11-1200,23-5ITS-F,23-5ITS-R-biotin,23-5ITS-S
3/2/2011,1200,Hu-071,2/16/2011,3,B5,ModGATC-2c,AKH,23-5,3-3/2/11-1200,23-5ITS-F,23-5ITS-R-biotin,23-5ITS-S
3/2/2011,1200,Hu-071,2/16/2011,3,B6,ModGATC-2c,AKH,23-5,3-3/2/11-1200,23-5ITS-F,23-5ITS-R-biotin,23-5ITS-S
3/2/2011,1200,Hu-071,2/16/2011,3,B7,ModGATC-2c,AKH,23-5,3-3/2/11-1200,23-5ITS-F,23-5ITS-R-biotin,23-5ITS-S
3/2/2011,1200,Hu-045,2/16/2011,3,B8,ModGATC-2c,AKH,23-5,3-3/2/11-1200,23-5ITS-F,23-5ITS-R-biotin,23-5ITS-S
3/2/2011,1200,Hu-045,2/16/2011,3,C1,ModGATC-2c,AKH,23-5,3-3/2/11-1200,23-5ITS-F,23-5ITS-R-biotin,23-5ITS-S
3/2/2011,1200,Hu-045,2/16/2011,3,C2,ModGATC-2c,AKH,23-5,3-3/2/11-1200,23-5ITS-F,23-5ITS-R-biotin,23-5ITS-S
3/2/2011,1200,Hu-109,2/16/2011,3,C3,ModGATC-2c,AKH,23-5,3-3/2/11-1200,23-5ITS-F,23-5ITS-R-biotin,23-5ITS-S
3/2/2011,1200,Hu-109,2/16/2011,3,C4,ModGATC-2c,AKH,23-5,3-3/2/11-1200,23-5ITS-F,23-5ITS-R-biotin,23-5ITS-S
3/2/2011,1200,Hu-109,2/16/2011,3,C5,ModGATC-2c,AKH,23-5,3-3/2/11-1200,23-5ITS-F,23-5ITS-R-biotin,23-5ITS-S
3/2/2011,1200,Hu-039,2/16/2011,3,C6,ModGATC-2c,AKH,23-5,3-3/2/11-1200,23-5ITS-F,23-5ITS-R-biotin,23-5ITS-S
3/2/2011,1200,Hu-039,2/16/2011,3,C7,ModGATC-2c,AKH,23-5,3-3/2/11-1200,23-5ITS-F,23-5ITS-R-biotin,23-5ITS-S
3/2/2011,1200,Hu-039,2/16/2011,3,C8,ModGATC-2c,AKH,23-5,3-3/2/11-1200,23-5ITS-F,23-5ITS-R-biotin,23-5ITS-S
3/2/2011,1500,Hu-105,2/16/2011,3,A1,ModGATC-2c,AKH,23-5,3-3/2/11-1500,23-5ITS-F,23-5ITS-R-biotin,23-5ITS-S
3/2/2011,1500,Hu-105,2/16/2011,3,A2,ModGATC-2c,AKH,23-5,3-3/2/11-1500,23-5ITS-F,23-5ITS-R-biotin,23-5ITS-S
3/2/2011,1500,Hu-105,2/16/2011,3,A3,ModGATC-2c,AKH,23-5,3-3/2/11-1500,23-5ITS-F,23-5ITS-R-biotin,23-5ITS-S
3/2/2011,1500,Hu-098,2/16/2011,3,A4,ModGATC-2c,AKH,23-5,3-3/2/11-1500,23-5ITS-F,23-5ITS-R-biotin,23-5ITS-S
3/2/2011,1500,Hu-098,2/16/2011,3,A5,ModGATC-2c,AKH,23-5,3-3/2/11-1500,23-5ITS-F,23-5ITS-R-biotin,23-5ITS-S
3/2/2011,1500,Hu-098,2/16/2011,3,A6,ModGATC-2c,AKH,23-5,3-3/2/11-1500,23-5ITS-F,23-5ITS-R-biotin,23-5ITS-S
3/2/2011,1500,Hu-113,2/16/2011,3,A7,ModGATC-2c,AKH,23-5,3-3/2/11-1500,23-5ITS-F,23-5ITS-R-biotin,23-5ITS-S
3/2/2011,1500,Hu-113,2/16/2011,3,A8,ModGATC-2c,AKH,23-5,3-3/2/11-1500,23-5ITS-F,23-5ITS-R-biotin,23-5ITS-S
3/2/2011,1500,Hu-113,2/16/2011,3,B1,ModGATC-2c,AKH,23-5,3-3/2/11-1500,23-5ITS-F,23-5ITS-R-biotin,23-5ITS-S
3/2/2011,1500,Hu-104,2/16/2011,3,B2,ModGATC-2c,AKH,23-5,3-3/2/11-1500,23-5ITS-F,23-5ITS-R-biotin,23-5ITS-S
3/2/2011,1500,Hu-104,2/16/2011,3,B3,ModGATC-2c,AKH,23-5,3-3/2/11-1500,23-5ITS-F,23-5ITS-R-biotin,23-5ITS-S
3/2/2011,1500,Hu-104,2/16/2011,3,B4,ModGATC-2c,AKH,23-5,3-3/2/11-1500,23-5ITS-F,23-5ITS-R-biotin,23-5ITS-S
3/2/2011,1500,Hu-108,2/16/2011,3,B5,ModGATC-2c,AKH,23-5,3-3/2/11-1500,23-5ITS-F,23-5ITS-R-biotin,23-5ITS-S
3/2/2011,1500,Hu-108,2/16/2011,3,B6,ModGATC-2c,AKH,23-5,3-3/2/11-1500,23-5ITS-F,23-5ITS-R-biotin,23-5ITS-S
3/2/2011,1500,Hu-108,2/16/2011,3,B7,ModGATC-2c,AKH,23-5,3-3/2/11-1500,23-5ITS-F,23-5ITS-R-biotin,23-5ITS-S
3/2/2011,1500,Hu-033,2/16/2011,3,B8,ModGATC-2c,AKH,23-5,3-3/2/11-1500,23-5ITS-F,23-5ITS-R-biotin,23-5ITS-S
3/2/2011,1500,Hu-033,2/16/2011,3,C1,ModGATC-2c,AKH,23-5,3-3/2/11-1500,23-5ITS-F,23-5ITS-R-biotin,23-5ITS-S
3/2/2011,1500,Hu-033,2/16/2011,3,C2,ModGATC-2c,AKH,23-5,3-3/2/11-1500,23-5ITS-F,23-5ITS-R-biotin,23-5ITS-S
3/2/2011,1500,Hu-100,2/16/2011,3,C3,ModGATC-2c,AKH,23-5,3-3/2/11-1500,23-5ITS-F,23-5ITS-R-biotin,23-5ITS-S
3/2/2011,1500,Hu-100,2/16/2011,3,C4,ModGATC-2c,AKH,23-5,3-3/2/11-1500,23-5ITS-F,23-5ITS-R-biotin,23-5ITS-S
3/2/2011,1500,Hu-100,2/16/2011,3,C5,ModGATC-2c,AKH,23-5,3-3/2/11-1500,23-5ITS-F,23-5ITS-R-biotin,23-5ITS-S
3/2/2011,1500,Hu-101,2/16/2011,3,C6,ModGATC-2c,AKH,23-5,3-3/2/11-1500,23-5ITS-F,23-5ITS-R-biotin,23-5ITS-S
3/2/2011,1500,Hu-101,2/16/2011,3,C7,ModGATC-2c,AKH,23-5,3-3/2/11-1500,23-5ITS-F,23-5ITS-R-biotin,23-5ITS-S
3/2/2011,1500,Hu-101,2/16/2011,3,C8,ModGATC-2c,AKH,23-5,3-3/2/11-1500,23-5ITS-F,23-5ITS-R-biotin,23-5ITS-S
3/2/2011,800,Hu-040,2/16/2011,3,A1,ModGATC-2c,AKH,23-5,3-3/2/11-800,23-5ITS-F,23-5ITS-R-biotin,23-5ITS-S
3/2/2011,800,Hu-040,2/16/2011,3,A2,ModGATC-2c,AKH,23-5,3-3/2/11-800,23-5ITS-F,23-5ITS-R-biotin,23-5ITS-S
3/2/2011,800,Hu-040,2/16/2011,3,A3,ModGATC-2c,AKH,23-5,3-3/2/11-800,23-5ITS-F,23-5ITS-R-biotin,23-5ITS-S
3/2/2011,800,Hu-070,2/16/2011,3,A4,ModGATC-2c,AKH,23-5,3-3/2/11-800,23-5ITS-F,23-5ITS-R-biotin,23-5ITS-S
3/2/2011,800,Hu-070,2/16/2011,3,A5,ModGATC-2c,AKH,23-5,3-3/2/11-800,23-5ITS-F,23-5ITS-R-biotin,23-5ITS-S
3/2/2011,800,Hu-070,2/16/2011,3,A6,ModGATC-2c,AKH,23-5,3-3/2/11-800,23-5ITS-F,23-5ITS-R-biotin,23-5ITS-S
3/2/2011,800,Hu-046,2/16/2011,3,A7,ModGATC-2c,AKH,23-5,3-3/2/11-800,23-5ITS-F,23-5ITS-R-biotin,23-5ITS-S
3/2/2011,800,Hu-046,2/16/2011,3,A8,ModGATC-2c,AKH,23-5,3-3/2/11-800,23-5ITS-F,23-5ITS-R-biotin,23-5ITS-S
3/2/2011,800,Hu-046,2/16/2011,3,B1,ModGATC-2c,AKH,23-5,3-3/2/11-800,23-5ITS-F,23-5ITS-R-biotin,23-5ITS-S
3/2/2011,800,Hu-030,2/16/2011,3,B2,ModGATC-2c,AKH,23-5,3-3/2/11-800,23-5ITS-F,23-5ITS-R-biotin,23-5ITS-S
3/2/2011,800,Hu-030,2/16/2011,3,B3,ModGATC-2c,AKH,23-5,3-3/2/11-800,23-5ITS-F,23-5ITS-R-biotin,23-5ITS-S
3/2/2011,800,Hu-030,2/16/2011,3,B4,ModGATC-2c,AKH,23-5,3-3/2/11-800,23-5ITS-F,23-5ITS-R-biotin,23-5ITS-S
3/2/2011,800,Hu-026,2/16/2011,3,B5,ModGATC-2c,AKH,23-5,3-3/2/11-800,23-5ITS-F,23-5ITS-R-biotin,23-5ITS-S
3/2/2011,800,Hu-026,2/16/2011,3,B6,ModGATC-2c,AKH,23-5,3-3/2/11-800,23-5ITS-F,23-5ITS-R-biotin,23-5ITS-S
3/2/2011,800,Hu-026,2/16/2011,3,B7,ModGATC-2c,AKH,23-5,3-3/2/11-800,23-5ITS-F,23-5ITS-R-biotin,23-5ITS-S
3/2/2011,800,Hu-086,2/16/2011,3,B8,ModGATC-2c,AKH,23-5,3-3/2/11-800,23-5ITS-F,23-5ITS-R-biotin,23-5ITS-S
3/2/2011,800,Hu-086,2/16/2011,3,C1,ModGATC-2c,AKH,23-5,3-3/2/11-800,23-5ITS-F,23-5ITS-R-biotin,23-5ITS-S
3/2/2011,800,Hu-086,2/16/2011,3,C2,ModGATC-2c,AKH,23-5,3-3/2/11-800,23-5ITS-F,23-5ITS-R-biotin,23-5ITS-S
3/2/2011,800,Hu-110,2/16/2011,3,C3,ModGATC-2c,AKH,23-5,3-3/2/11-800,23-5ITS-F,23-5ITS-R-biotin,23-5ITS-S
3/2/2011,800,Hu-110,2/16/2011,3,C4,ModGATC-2c,AKH,23-5,3-3/2/11-800,23-5ITS-F,23-5ITS-R-biotin,23-5ITS-S
3/2/2011,800,Hu-110,2/16/2011,3,C5,ModGATC-2c,AKH,23-5,3-3/2/11-800,23-5ITS-F,23-5ITS-R-biotin,23-5ITS-S
3/2/2011,800,Hu-073,2/16/2011,3,C6,ModGATC-2c,AKH,23-5,3-3/2/11-800,23-5ITS-F,23-5ITS-R-biotin,23-5ITS-S
3/2/2011,800,Hu-073,2/16/2011,3,C7,ModGATC-2c,AKH,23-5,3-3/2/11-800,23-5ITS-F,23-5ITS-R-biotin,23-5ITS-S
3/2/2011,800,Hu-040,2/16/2011,3,C8,ModGATC-2c,AKH,23-5,3-3/2/11-800,23-5ITS-F,23-5ITS-R-biotin,23-5ITS-S
3/2/2011,800,Hu-072,2/16/2011,3,A1,ModGATC-2c,AKH,23-5,3-3/2/11-800,23-5ITS-F,23-5ITS-R-biotin,23-5ITS-S
3/3/2011,1500,Hu-038,2/17/2011,3,A1,ModGATC-2c,AKH,23-5,3-3/3/11-1500,23-5ITS-F,23-5ITS-R-biotin,23-5ITS-S
3/3/2011,1500,Hu-038,2/17/2011,3,A2,ModGATC-2c,AKH,23-5,3-3/3/11-1500,23-5ITS-F,23-5ITS-R-biotin,23-5ITS-S
3/3/2011,1500,Hu-038,2/17/2011,3,A3,ModGATC-2c,AKH,23-5,3-3/3/11-1500,23-5ITS-F,23-5ITS-R-biotin,23-5ITS-S
3/3/2011,1500,Hu-112,2/17/2011,3,A4,ModGATC-2c,AKH,23-5,3-3/3/11-1500,23-5ITS-F,23-5ITS-R-biotin,23-5ITS-S
3/3/2011,1500,Hu-112,2/17/2011,3,A5,ModGATC-2c,AKH,23-5,3-3/3/11-1500,23-5ITS-F,23-5ITS-R-biotin,23-5ITS-S
3/3/2011,1500,Hu-112,2/17/2011,3,A6,ModGATC-2c,AKH,23-5,3-3/3/11-1500,23-5ITS-F,23-5ITS-R-biotin,23-5ITS-S
3/3/2011,1500,Hu-110,2/17/2011,3,A7,ModGATC-2c,AKH,23-5,3-3/3/11-1500,23-5ITS-F,23-5ITS-R-biotin,23-5ITS-S
3/3/2011,1500,Hu-110,2/17/2011,3,A8,ModGATC-2c,AKH,23-5,3-3/3/11-1500,23-5ITS-F,23-5ITS-R-biotin,23-5ITS-S
3/3/2011,1500,Hu-110,2/17/2011,3,B1,ModGATC-2c,AKH,23-5,3-3/3/11-1500,23-5ITS-F,23-5ITS-R-biotin,23-5ITS-S
3/3/2011,1500,Hu-102,2/17/2011,3,B2,ModGATC-2c,AKH,23-5,3-3/3/11-1500,23-5ITS-F,23-5ITS-R-biotin,23-5ITS-S
3/3/2011,1500,Hu-102,2/17/2011,3,B3,ModGATC-2c,AKH,23-5,3-3/3/11-1500,23-5ITS-F,23-5ITS-R-biotin,23-5ITS-S
3/3/2011,1500,Hu-102,2/17/2011,3,B4,ModGATC-2c,AKH,23-5,3-3/3/11-1500,23-5ITS-F,23-5ITS-R-biotin,23-5ITS-S
3/3/2011,1500,Hu-106,2/17/2011,3,B5,ModGATC-2c,AKH,23-5,3-3/3/11-1500,23-5ITS-F,23-5ITS-R-biotin,23-5ITS-S
3/3/2011,1500,Hu-106,2/17/2011,3,B6,ModGATC-2c,AKH,23-5,3-3/3/11-1500,23-5ITS-F,23-5ITS-R-biotin,23-5ITS-S
3/3/2011,1500,Hu-106,2/17/2011,3,B7,ModGATC-2c,AKH,23-5,3-3/3/11-1500,23-5ITS-F,23-5ITS-R-biotin,23-5ITS-S
3/3/2011,1500,Hu-103,2/17/2011,3,B8,ModGATC-2c,AKH,23-5,3-3/3/11-1500,23-5ITS-F,23-5ITS-R-biotin,23-5ITS-S
3/3/2011,1500,Hu-103,2/17/2011,3,C1,ModGATC-2c,AKH,23-5,3-3/3/11-1500,23-5ITS-F,23-5ITS-R-biotin,23-5ITS-S
3/3/2011,1500,Hu-103,2/17/2011,3,C2,ModGATC-2c,AKH,23-5,3-3/3/11-1500,23-5ITS-F,23-5ITS-R-biotin,23-5ITS-S
3/3/2011,1500,Hu-034,2/17/2011,3,C3,ModGATC-2c,AKH,23-5,3-3/3/11-1500,23-5ITS-F,23-5ITS-R-biotin,23-5ITS-S
3/3/2011,1500,Hu-034,2/17/2011,3,C4,ModGATC-2c,AKH,23-5,3-3/3/11-1500,23-5ITS-F,23-5ITS-R-biotin,23-5ITS-S
3/3/2011,1500,Hu-034,2/17/2011,3,C5,ModGATC-2c,AKH,23-5,3-3/3/11-1500,23-5ITS-F,23-5ITS-R-biotin,23-5ITS-S
3/3/2011,1500,Hu-107,2/17/2011,3,C6,ModGATC-2c,AKH,23-5,3-3/3/11-1500,23-5ITS-F,23-5ITS-R-biotin,23-5ITS-S
3/3/2011,1500,Hu-107,2/17/2011,3,C7,ModGATC-2c,AKH,23-5,3-3/3/11-1500,23-5ITS-F,23-5ITS-R-biotin,23-5ITS-S
3/3/2011,1500,Hu-107,2/17/2011,3,C8,ModGATC-2c,AKH,23-5,3-3/3/11-1500,23-5ITS-F,23-5ITS-R-biotin,23-5ITS-S
8/17/2010,,Pg-001,8/12/2010,EBI 1,A7,ModGATC-2c,Lienemann,23-5,8-17-10-cw-pg-sg,23-5ITS-F,23-5ITS-R-biotin,23-5ITS-S
8/17/2010,,Pg-002,8/12/2010,EBI 1,A8,ModGATC-2c,Lienemann,23-5,8-17-10-cw-pg-sg,23-5ITS-F,23-5ITS-R-biotin,23-5ITS-S
8/17/2010,,Pg-003,8/12/2010,EBI 1,B1,ModGATC-2c,Lienemann,23-5,8-17-10-cw-pg-sg,23-5ITS-F,23-5ITS-R-biotin,23-5ITS-S
8/17/2010,,Pg-004,8/12/2010,EBI 1,B2,ModGATC-2c,Lienemann,23-5,8-17-10-cw-pg-sg,23-5ITS-F,23-5ITS-R-biotin,23-5ITS-S
8/17/2010,,Pg-005,8/12/2010,EBI 1,B3,ModGATC-2c,Lienemann,23-5,8-17-10-cw-pg-sg,23-5ITS-F,23-5ITS-R-biotin,23-5ITS-S
8/17/2010,,Pg-006,8/12/2010,EBI 1,B4,ModGATC-2c,Lienemann,23-5,8-17-10-cw-pg-sg,23-5ITS-F,23-5ITS-R-biotin,23-5ITS-S
8/17/2010,,Pg-007,8/12/2010,EBI 1,B5,ModGATC-2c,Lienemann,23-5,8-17-10-cw-pg-sg,23-5ITS-F,23-5ITS-R-biotin,23-5ITS-S
8/17/2010,,Pg-008,8/12/2010,EBI 1,B6,ModGATC-2c,Lienemann,23-5,8-17-10-cw-pg-sg,23-5ITS-F,23-5ITS-R-biotin,23-5ITS-S
8/17/2010,,Pg-009,8/12/2010,EBI 1,B7,ModGATC-2c,Lienemann,23-5,8-17-10-cw-pg-sg,23-5ITS-F,23-5ITS-R-biotin,23-5ITS-S
8/17/2010,,Pg-010,8/12/2010,EBI 1,B8,ModGATC-2c,Lienemann,23-5,8-17-10-cw-pg-sg,23-5ITS-F,23-5ITS-R-biotin,23-5ITS-S
8/17/2010,,Pg-011,8/12/2010,EBI 1,C1,ModGATC-2c,Lienemann,23-5,8-17-10-cw-pg-sg,23-5ITS-F,23-5ITS-R-biotin,23-5ITS-S
8/17/2010,,Pg-012,8/12/2010,EBI 1,C2,ModGATC-2c,Lienemann,23-5,8-17-10-cw-pg-sg,23-5ITS-F,23-5ITS-R-biotin,23-5ITS-S
8/17/2010,,Ck-001,8/9/2010,EBI 1,C5,ModGATC-2c,Lienemann,23-5,8-17-10-hu-ck,23-5ITS-F,23-5ITS-R-biotin,23-5ITS-S
8/17/2010,,Ck-002,8/9/2010,EBI 1,C6,ModGATC-2c,Lienemann,23-5,8-17-10-hu-ck,23-5ITS-F,23-5ITS-R-biotin,23-5ITS-S
8/17/2010,,Ck-003,8/9/2010,EBI 1,C7,ModGATC-2c,Lienemann,23-5,8-17-10-hu-ck,23-5ITS-F,23-5ITS-R-biotin,23-5ITS-S
8/17/2010,,Ck-004,8/9/2010,EBI 1,C8,ModGATC-2c,Lienemann,23-5,8-17-10-hu-ck,23-5ITS-F,23-5ITS-R-biotin,23-5ITS-S
8/17/2010,,Hu-001,7/21/2010,EBI 1,A1,ModGATC-2c,Lienemann,23-5,8-17-10-hu-ck,23-5ITS-F,23-5ITS-R-biotin,23-5ITS-S
8/17/2010,,Hu-002,7/21/2010,EBI 1,A2,ModGATC-2c,Lienemann,23-5,8-17-10-hu-ck,23-5ITS-F,23-5ITS-R-biotin,23-5ITS-S
8/17/2010,,Hu-003,7/21/2010,EBI 1,A3,ModGATC-2c,Lienemann,23-5,8-17-10-hu-ck,23-5ITS-F,23-5ITS-R-biotin,23-5ITS-S
8/17/2010,,Hu-004,7/21/2010,EBI 1,A4,ModGATC-2c,Lienemann,23-5,8-17-10-hu-ck,23-5ITS-F,23-5ITS-R-biotin,23-5ITS-S
8/17/2010,,Hu-005,7/21/2010,EBI 1,A5,ModGATC-2c,Lienemann,23-5,8-17-10-hu-ck,23-5ITS-F,23-5ITS-R-biotin,23-5ITS-S
8/17/2010,,Hu-006,7/21/2010,EBI 1,A6,ModGATC-2c,Lienemann,23-5,8-17-10-hu-ck,23-5ITS-F,23-5ITS-R-biotin,23-5ITS-S
8/17/2010,,Hu-007,7/21/2010,EBI 1,A7,ModGATC-2c,Lienemann,23-5,8-17-10-hu-ck,23-5ITS-F,23-5ITS-R-biotin,23-5ITS-S
8/17/2010,,Hu-008,7/21/2010,EBI 1,A8,ModGATC-2c,Lienemann,23-5,8-17-10-hu-ck,23-5ITS-F,23-5ITS-R-biotin,23-5ITS-S
8/17/2010,,Hu-009,7/21/2010,EBI 1,B1,ModGATC-2c,Lienemann,23-5,8-17-10-hu-ck,23-5ITS-F,23-5ITS-R-biotin,23-5ITS-S
8/17/2010,,Hu-010,7/21/2010,EBI 1,B2,ModGATC-2c,Lienemann,23-5,8-17-10-hu-ck,23-5ITS-F,23-5ITS-R-biotin,23-5ITS-S
8/17/2010,,Hu-011,7/21/2010,EBI 1,B3,ModGATC-2c,Lienemann,23-5,8-17-10-hu-ck,23-5ITS-F,23-5ITS-R-biotin,23-5ITS-S
8/17/2010,,Hu-012,7/21/2010,EBI 1,B4,ModGATC-2c,Lienemann,23-5,8-17-10-hu-ck,23-5ITS-F,23-5ITS-R-biotin,23-5ITS-S
8/17/2010,,Hu-013,7/21/2010,EBI 1,B5,ModGATC-2c,Lienemann,23-5,8-17-10-hu-ck,23-5ITS-F,23-5ITS-R-biotin,23-5ITS-S
8/17/2010,,Hu-014,7/21/2010,EBI 1,B6,ModGATC-2c,Lienemann,23-5,8-17-10-hu-ck,23-5ITS-F,23-5ITS-R-biotin,23-5ITS-S
8/17/2010,,Hu-015,7/21/2010,EBI 1,B7,ModGATC-2c,Lienemann,23-5,8-17-10-hu-ck,23-5ITS-F,23-5ITS-R-biotin,23-5ITS-S
8/17/2010,,Hu-016,7/21/2010,EBI 1,B8,ModGATC-2c,Lienemann,23-5,8-17-10-hu-ck,23-5ITS-F,23-5ITS-R-biotin,23-5ITS-S
8/17/2010,,Hu-017,7/21/2010,EBI 1,C1,ModGATC-2c,Lienemann,23-5,8-17-10-hu-ck,23-5ITS-F,23-5ITS-R-biotin,23-5ITS-S
8/17/2010,,Hu-018,7/21/2010,EBI 1,C2,ModGATC-2c,Lienemann,23-5,8-17-10-hu-ck,23-5ITS-F,23-5ITS-R-biotin,23-5ITS-S
8/17/2010,,Hu-019,7/21/2010,EBI 1,C3,ModGATC-2c,Lienemann,23-5,8-17-10-hu-ck,23-5ITS-F,23-5ITS-R-biotin,23-5ITS-S
8/17/2010,,Hu-020,7/21/2010,EBI 1,C4,ModGATC-2c,Lienemann,23-5,8-17-10-hu-ck,23-5ITS-F,23-5ITS-R-biotin,23-5ITS-S
8/11/2010,,Pg-011,8/11/2010,EBI 1,A1,ModGATC-2c,Lienemann,23-5,8-11-10-8xTest-pg-sg,23-5ITS-F,23-5ITS-R-biotin,23-5ITS-S
8/11/2010,,Pg-012,8/11/2010,EBI 1,A2,ModGATC-2c,Lienemann,23-5,8-11-10-8xtest-pg-sg,23-5ITS-F,23-5ITS-R-biotin,23-5ITS-S
8/11/2010,,Sg-005,8/11/2010,EBI 1,A3,ModGATC-2c,Lienemann,23-5,8-11-10-8xtest-pg-sg,23-5ITS-F,23-5ITS-R-biotin,23-5ITS-S
8/11/2010,,Sg-006,8/11/2010,EBI 1,A4,ModGATC-2c,Lienemann,23-5,8-11-10-8xtest-pg-sg,23-5ITS-F,23-5ITS-R-biotin,23-5ITS-S
8/11/2010,,Sg-007,8/11/2010,EBI 1,A5,ModGATC-2c,Lienemann,23-5,8-11-10-8xtest-pg-sg,23-5ITS-F,23-5ITS-R-biotin,23-5ITS-S
8/11/2010,,Sg-008,8/11/2010,EBI 1,A6,ModGATC-2c,Lienemann,23-5,8-11-10-8xtest-pg-sg,23-5ITS-F,23-5ITS-R-biotin,23-5ITS-S
8/11/2010,,Sg-009,8/11/2010,EBI 1,A7,ModGATC-2c,Lienemann,23-5,8-11-10-8xtest-pg-sg,23-5ITS-F,23-5ITS-R-biotin,23-5ITS-S
8/11/2010,,Sg-010,8/11/2010,EBI 1,A8,ModGATC-2c,Lienemann,23-5,8-11-10-8xtest-pg-sg,23-5ITS-F,23-5ITS-R-biotin,23-5ITS-S
8/13/2010,,Sg-021,8/12/2010,EBI 1,A1,ModGATC-2c,E. Neal,23-5,8-13-10 ModGATC-2cont,23-5ITS-F,23-5ITS-R-biotin,23-5ITS-S
8/13/2010,,Sg-021,8/12/2010,EBI 1,A2,ModGATC-2c,E. Neal,23-5,8-13-10 ModGATC-2cont,23-5ITS-F,23-5ITS-R-biotin,23-5ITS-S
8/13/2010,,Sg-021,8/12/2010,EBI 1,A3,ModGATC-2c,E. Neal,23-5,8-13-10 ModGATC-2cont,23-5ITS-F,23-5ITS-R-biotin,23-5ITS-S
8/13/2010,,Sg-021,8/12/2010,EBI 1,A4,ModGATC-2c,E. Neal,23-5,8-13-10 ModGATC-2cont,23-5ITS-F,23-5ITS-R-biotin,23-5ITS-S
8/13/2010,,Sg-021,8/12/2010,EBI 1,A5,ModGATC-2c,E. Neal,23-5,8-13-10 ModGATC-2cont,23-5ITS-F,23-5ITS-R-biotin,23-5ITS-S
8/13/2010,,Sg-021,8/12/2010,EBI 1,A6,ModGATC-2c,E. Neal,23-5,8-13-10 ModGATC-2cont,23-5ITS-F,23-5ITS-R-biotin,23-5ITS-S
8/13/2010,,Sg-021,8/12/2010,EBI 1,A7,ModGATC-2c,E. Neal,23-5,8-13-10 ModGATC-2cont,23-5ITS-F,23-5ITS-R-biotin,23-5ITS-S
8/13/2010,,Sg-021,8/12/2010,EBI 1,A8,ModGATC-2c,E. Neal,23-5,8-13-10 ModGATC-2cont,23-5ITS-F,23-5ITS-R-biotin,23-5ITS-S
8/13/2010,,Sg-023,8/12/2010,EBI 1,B1,ModGATC-2c,E. Neal,23-5,8-13-10 ModGATC-2cont,23-5ITS-F,23-5ITS-R-biotin,23-5ITS-S
8/13/2010,,Sg-023,8/12/2010,EBI 1,B2,ModGATC-2c,E. Neal,23-5,8-13-10 ModGATC-2cont,23-5ITS-F,23-5ITS-R-biotin,23-5ITS-S
8/13/2010,,Sg-023,8/12/2010,EBI 1,B3,ModGATC-2c,E. Neal,23-5,8-13-10 ModGATC-2cont,23-5ITS-F,23-5ITS-R-biotin,23-5ITS-S
8/13/2010,,Sg-023,8/12/2010,EBI 1,B4,ModGATC-2c,E. Neal,23-5,8-13-10 ModGATC-2cont,23-5ITS-F,23-5ITS-R-biotin,23-5ITS-S
8/13/2010,,Sg-023,8/12/2010,EBI 1,B5,ModGATC-2c,E. Neal,23-5,8-13-10 ModGATC-2cont,23-5ITS-F,23-5ITS-R-biotin,23-5ITS-S
8/13/2010,,Sg-023,8/12/2010,EBI 1,B6,ModGATC-2c,E. Neal,23-5,8-13-10 ModGATC-2cont,23-5ITS-F,23-5ITS-R-biotin,23-5ITS-S
8/13/2010,,Sg-023,8/12/2010,EBI 1,B7,ModGATC-2c,E. Neal,23-5,8-13-10 ModGATC-2cont,23-5ITS-F,23-5ITS-R-biotin,23-5ITS-S
8/13/2010,,Sg-023,8/12/2010,EBI 1,B8,ModGATC-2c,E. Neal,23-5,8-13-10 ModGATC-2cont,23-5ITS-F,23-5ITS-R-biotin,23-5ITS-S
8/13/2010,,Sg-025,8/12/2010,EBI 1,C1,ModGATC-2c,E. Neal,23-5,8-13-10 ModGATC-2cont,23-5ITS-F,23-5ITS-R-biotin,23-5ITS-S
8/13/2010,,Sg-025,8/12/2010,EBI 1,C2,ModGATC-2c,E. Neal,23-5,8-13-10 ModGATC-2cont,23-5ITS-F,23-5ITS-R-biotin,23-5ITS-S
8/13/2010,,Sg-025,8/12/2010,EBI 1,C3,ModGATC-2c,E. Neal,23-5,8-13-10 ModGATC-2cont,23-5ITS-F,23-5ITS-R-biotin,23-5ITS-S
8/13/2010,,Sg-025,8/12/2010,EBI 1,C4,ModGATC-2c,E. Neal,23-5,8-13-10 ModGATC-2cont,23-5ITS-F,23-5ITS-R-biotin,23-5ITS-S
8/13/2010,,Sg-025,8/12/2010,EBI 1,C5,ModGATC-2c,E. Neal,23-5,8-13-10 ModGATC-2cont,23-5ITS-F,23-5ITS-R-biotin,23-5ITS-S
8/13/2010,,Sg-025,8/12/2010,EBI 1,C6,ModGATC-2c,E. Neal,23-5,8-13-10 ModGATC-2cont,23-5ITS-F,23-5ITS-R-biotin,23-5ITS-S
8/13/2010,,Sg-025,8/12/2010,EBI 1,C7,ModGATC-2c,E. Neal,23-5,8-13-10 ModGATC-2cont,23-5ITS-F,23-5ITS-R-biotin,23-5ITS-S
8/13/2010,,Sg-025,8/12/2010,EBI 1,C8,ModGATC-2c,E. Neal,23-5,8-13-10 ModGATC-2cont,23-5ITS-F,23-5ITS-R-biotin,23-5ITS-S
8/13/2010,,Cw-001,8/11/2010,EBI 1,A1,ModGATC-2c,Lienemann,23-5,8-13-10-cw1-24ModGATC,23-5ITS-F,23-5ITS-R-biotin,23-5ITS-S
8/13/2010,,Cw-002,8/11/2010,EBI 1,A2,ModGATC-2c,Lienemann,23-5,8-13-10-cw1-24ModGATC,23-5ITS-F,23-5ITS-R-biotin,23-5ITS-S
8/13/2010,,Cw-003,8/11/2010,EBI 1,A3,ModGATC-2c,Lienemann,23-5,8-13-10-cw1-24ModGATC,23-5ITS-F,23-5ITS-R-biotin,23-5ITS-S
8/13/2010,,Cw-004,8/11/2010,EBI 1,A4,ModGATC-2c,Lienemann,23-5,8-13-10-cw1-24ModGATC,23-5ITS-F,23-5ITS-R-biotin,23-5ITS-S
8/13/2010,,Cw-005,8/11/2010,EBI 1,A5,ModGATC-2c,Lienemann,23-5,8-13-10-cw1-24ModGATC,23-5ITS-F,23-5ITS-R-biotin,23-5ITS-S
8/13/2010,,Cw-006,8/11/2010,EBI 1,A6,ModGATC-2c,Lienemann,23-5,8-13-10-cw1-24ModGATC,23-5ITS-F,23-5ITS-R-biotin,23-5ITS-S
8/13/2010,,Cw-007,8/11/2010,EBI 1,A7,ModGATC-2c,Lienemann,23-5,8-13-10-cw1-24ModGATC,23-5ITS-F,23-5ITS-R-biotin,23-5ITS-S
8/13/2010,,Cw-008,8/11/2010,EBI 1,A8,ModGATC-2c,Lienemann,23-5,8-13-10-cw1-24ModGATC,23-5ITS-F,23-5ITS-R-biotin,23-5ITS-S
8/13/2010,,Cw-009,8/11/2010,EBI 1,B1,ModGATC-2c,Lienemann,23-5,8-13-10-cw1-24ModGATC,23-5ITS-F,23-5ITS-R-biotin,23-5ITS-S
8/13/2010,,Cw-010,8/11/2010,EBI 1,B2,ModGATC-2c,Lienemann,23-5,8-13-10-cw1-24ModGATC,23-5ITS-F,23-5ITS-R-biotin,23-5ITS-S
8/13/2010,,Cw-011,8/11/2010,EBI 1,B3,ModGATC-2c,Lienemann,23-5,8-13-10-cw1-24ModGATC,23-5ITS-F,23-5ITS-R-biotin,23-5ITS-S
8/13/2010,,Cw-012,8/11/2010,EBI 1,B4,ModGATC-2c,Lienemann,23-5,8-13-10-cw1-24ModGATC,23-5ITS-F,23-5ITS-R-biotin,23-5ITS-S
8/13/2010,,Cw-013,8/11/2010,EBI 1,B5,ModGATC-2c,Lienemann,23-5,8-13-10-cw1-24ModGATC,23-5ITS-F,23-5ITS-R-biotin,23-5ITS-S
8/13/2010,,Cw-014,8/11/2010,EBI 1,B6,ModGATC-2c,Lienemann,23-5,8-13-10-cw1-24ModGATC,23-5ITS-F,23-5ITS-R-biotin,23-5ITS-S
8/13/2010,,Cw-015,8/11/2010,EBI 1,B7,ModGATC-2c,Lienemann,23-5,8-13-10-cw1-24ModGATC,23-5ITS-F,23-5ITS-R-biotin,23-5ITS-S
8/13/2010,,Cw-016,8/11/2010,EBI 1,B8,ModGATC-2c,Lienemann,23-5,8-13-10-cw1-24ModGATC,23-5ITS-F,23-5ITS-R-biotin,23-5ITS-S
8/13/2010,,Cw-017,8/11/2010,EBI 1,C1,ModGATC-2c,Lienemann,23-5,8-13-10-cw1-24ModGATC,23-5ITS-F,23-5ITS-R-biotin,23-5ITS-S
8/13/2010,,Cw-018,8/11/2010,EBI 1,C2,ModGATC-2c,Lienemann,23-5,8-13-10-cw1-24ModGATC,23-5ITS-F,23-5ITS-R-biotin,23-5ITS-S
8/13/2010,,Cw-019,8/11/2010,EBI 1,C3,ModGATC-2c,Lienemann,23-5,8-13-10-cw1-24ModGATC,23-5ITS-F,23-5ITS-R-biotin,23-5ITS-S
8/13/2010,,Cw-020,8/11/2010,EBI 1,C4,ModGATC-2c,Lienemann,23-5,8-13-10-cw1-24ModGATC,23-5ITS-F,23-5ITS-R-biotin,23-5ITS-S
8/13/2010,,Cw-021,8/11/2010,EBI 1,C5,ModGATC-2c,Lienemann,23-5,8-13-10-cw1-24ModGATC,23-5ITS-F,23-5ITS-R-biotin,23-5ITS-S
8/13/2010,,Cw-022,8/11/2010,EBI 1,C6,ModGATC-2c,Lienemann,23-5,8-13-10-cw1-24ModGATC,23-5ITS-F,23-5ITS-R-biotin,23-5ITS-S
8/13/2010,,Cw-023,8/11/2010,EBI 1,C7,ModGATC-2c,Lienemann,23-5,8-13-10-cw1-24ModGATC,23-5ITS-F,23-5ITS-R-biotin,23-5ITS-S
8/13/2010,,Cw-024,8/11/2010,EBI 1,C8,ModGATC-2c,Lienemann,23-5,8-13-10-cw1-24ModGATC,23-5ITS-F,23-5ITS-R-biotin,23-5ITS-S
8/17/2010,,Cw-025,8/11/2010,EBI 1,A1,ModGATC-2c,Lienemann,23-5,8-17-10-cw-pg-sg,23-5ITS-F,23-5ITS-R-biotin,23-5ITS-S
8/17/2010,,Cw-026,8/11/2010,EBI 1,A2,ModGATC-2c,Lienemann,23-5,8-17-10-cw-pg-sg,23-5ITS-F,23-5ITS-R-biotin,23-5ITS-S
8/17/2010,,Cw-027,8/11/2010,EBI 1,A3,ModGATC-2c,Lienemann,23-5,8-17-10-cw-pg-sg,23-5ITS-F,23-5ITS-R-biotin,23-5ITS-S
8/17/2010,,Cw-028,8/11/2010,EBI 1,A4,ModGATC-2c,Lienemann,23-5,8-17-10-cw-pg-sg,23-5ITS-F,23-5ITS-R-biotin,23-5ITS-S
8/17/2010,,Cw-029,8/11/2010,EBI 1,A5,ModGATC-2c,Lienemann,23-5,8-17-10-cw-pg-sg,23-5ITS-F,23-5ITS-R-biotin,23-5ITS-S
8/17/2010,,Cw-030,8/11/2010,EBI 1,A6,ModGATC-2c,Lienemann,23-5,8-17-10-cw-pg-sg,23-5ITS-F,23-5ITS-R-biotin,23-5ITS-S
8/18/2010,,Sg-021,8/17/2010,EBI 1,A1,ModGATC-2c,E. Neal,23-5,8-18-10_Sg21-23-25,23-5ITS-F,23-5ITS-R-biotin,23-5ITS-S
8/18/2010,,Sg-021,8/17/2010,EBI 1,A2,ModGATC-2c,E. Neal,23-5,8-18-10_Sg21-23-25,23-5ITS-F,23-5ITS-R-biotin,23-5ITS-S
8/18/2010,,Sg-021,8/17/2010,EBI 1,A3,ModGATC-2c,E. Neal,23-5,8-18-10_Sg21-23-25,23-5ITS-F,23-5ITS-R-biotin,23-5ITS-S
8/18/2010,,Sg-021,8/17/2010,EBI 1,A4,ModGATC-2c,E. Neal,23-5,8-18-10_Sg21-23-25,23-5ITS-F,23-5ITS-R-biotin,23-5ITS-S
8/18/2010,,Sg-021,8/17/2010,EBI 1,A5,ModGATC-2c,E. Neal,23-5,8-18-10_Sg21-23-25,23-5ITS-F,23-5ITS-R-biotin,23-5ITS-S
8/18/2010,,Sg-021,8/17/2010,EBI 1,A6,ModGATC-2c,E. Neal,23-5,8-18-10_Sg21-23-25,23-5ITS-F,23-5ITS-R-biotin,23-5ITS-S
8/18/2010,,Sg-021,8/17/2010,EBI 1,A7,ModGATC-2c,E. Neal,23-5,8-18-10_Sg21-23-25,23-5ITS-F,23-5ITS-R-biotin,23-5ITS-S
8/18/2010,,Sg-021,8/17/2010,EBI 1,A8,ModGATC-2c,E. Neal,23-5,8-18-10_Sg21-23-25,23-5ITS-F,23-5ITS-R-biotin,23-5ITS-S
8/18/2010,,Sg-023,8/17/2010,EBI 1,B1,ModGATC-2c,E. Neal,23-5,8-18-10_Sg21-23-25,23-5ITS-F,23-5ITS-R-biotin,23-5ITS-S
8/18/2010,,Sg-023,8/17/2010,EBI 1,B2,ModGATC-2c,E. Neal,23-5,8-18-10_Sg21-23-25,23-5ITS-F,23-5ITS-R-biotin,23-5ITS-S
8/18/2010,,Sg-023,8/17/2010,EBI 1,B3,ModGATC-2c,E. Neal,23-5,8-18-10_Sg21-23-25,23-5ITS-F,23-5ITS-R-biotin,23-5ITS-S
8/18/2010,,Sg-023,8/17/2010,EBI 1,B4,ModGATC-2c,E. Neal,23-5,8-18-10_Sg21-23-25,23-5ITS-F,23-5ITS-R-biotin,23-5ITS-S
8/18/2010,,Sg-023,8/17/2010,EBI 1,B5,ModGATC-2c,E. Neal,23-5,8-18-10_Sg21-23-25,23-5ITS-F,23-5ITS-R-biotin,23-5ITS-S
8/18/2010,,Sg-023,8/17/2010,EBI 1,B6,ModGATC-2c,E. Neal,23-5,8-18-10_Sg21-23-25,23-5ITS-F,23-5ITS-R-biotin,23-5ITS-S
8/18/2010,,Sg-023,8/17/2010,EBI 1,B7,ModGATC-2c,E. Neal,23-5,8-18-10_Sg21-23-25,23-5ITS-F,23-5ITS-R-biotin,23-5ITS-S
8/18/2010,,Sg-023,8/17/2010,EBI 1,B8,ModGATC-2c,E. Neal,23-5,8-18-10_Sg21-23-25,23-5ITS-F,23-5ITS-R-biotin,23-5ITS-S
8/18/2010,,Sg-025,8/17/2010,EBI 1,C1,ModGATC-2c,E. Neal,23-5,8-18-10_Sg21-23-25,23-5ITS-F,23-5ITS-R-biotin,23-5ITS-S
8/18/2010,,Sg-025,8/17/2010,EBI 1,C2,ModGATC-2c,E. Neal,23-5,8-18-10_Sg21-23-25,23-5ITS-F,23-5ITS-R-biotin,23-5ITS-S
8/18/2010,,Sg-025,8/17/2010,EBI 1,C3,ModGATC-2c,E. Neal,23-5,8-18-10_Sg21-23-25,23-5ITS-F,23-5ITS-R-biotin,23-5ITS-S
8/18/2010,,Sg-025,8/17/2010,EBI 1,C4,ModGATC-2c,E. Neal,23-5,8-18-10_Sg21-23-25,23-5ITS-F,23-5ITS-R-biotin,23-5ITS-S
8/18/2010,,Sg-025,8/17/2010,EBI 1,C5,ModGATC-2c,E. Neal,23-5,8-18-10_Sg21-23-25,23-5ITS-F,23-5ITS-R-biotin,23-5ITS-S
8/18/2010,,Sg-025,8/17/2010,EBI 1,C6,ModGATC-2c,E. Neal,23-5,8-18-10_Sg21-23-25,23-5ITS-F,23-5ITS-R-biotin,23-5ITS-S
8/18/2010,,Sg-025,8/17/2010,EBI 1,C7,ModGATC-2c,E. Neal,23-5,8-18-10_Sg21-23-25,23-5ITS-F,23-5ITS-R-biotin,23-5ITS-S
8/18/2010,,Sg-025,8/17/2010,EBI 1,C8,ModGATC-2c,E. Neal,23-5,8-18-10_Sg21-23-25,23-5ITS-F,23-5ITS-R-biotin,23-5ITS-S
9/23/2010,,Hu-002,9/23/2010,EBI 1,A1,ModGATC-2c,Lienemann,23-5,9-23-10 ModGATC-2controls,23-5ITS-F,23-5ITS-R-biotin,23-5ITS-S
9/23/2010,,Hu-005,9/23/2010,EBI 1,A2,ModGATC-2c,Lienemann,23-5,9-23-10 ModGATC-2controls,23-5ITS-F,23-5ITS-R-biotin,23-5ITS-S
9/23/2010,,Hu-005,9/23/2010,EBI 1,A3,ModGATC-2c,Lienemann,23-5,9-23-10 ModGATC-2controls,23-5ITS-F,23-5ITS-R-biotin,23-5ITS-S
9/23/2010,,Hu-005,9/23/2010,EBI 1,A4,ModGATC-2c,Lienemann,23-5,9-23-10 ModGATC-2controls,23-5ITS-F,23-5ITS-R-biotin,23-5ITS-S
9/23/2010,,Hu-005,9/23/2010,EBI 1,A5,ModGATC-2c,Lienemann,23-5,9-23-10 ModGATC-2controls,23-5ITS-F,23-5ITS-R-biotin,23-5ITS-S
9/23/2010,,Hu-009,9/23/2010,EBI 1,A6,ModGATC-2c,Lienemann,23-5,9-23-10 ModGATC-2controls,23-5ITS-F,23-5ITS-R-biotin,23-5ITS-S
9/23/2010,,Hu-012,9/23/2010,EBI 1,A7,ModGATC-2c,Lienemann,23-5,9-23-10 ModGATC-2controls,23-5ITS-F,23-5ITS-R-biotin,23-5ITS-S
9/23/2010,,Ck-001,9/23/2010,EBI 1,A8,ModGATC-2c,Lienemann,23-5,9-23-10 ModGATC-2controls,23-5ITS-F,23-5ITS-R-biotin,23-5ITS-S
9/23/2010,,Pg-003,9/23/2010,EBI 1,B1,ModGATC-2c,Lienemann,23-5,9-23-10 ModGATC-2controls,23-5ITS-F,23-5ITS-R-biotin,23-5ITS-S
9/23/2010,,Pg-004,9/23/2010,EBI 1,B2,ModGATC-2c,Lienemann,23-5,9-23-10 ModGATC-2controls,23-5ITS-F,23-5ITS-R-biotin,23-5ITS-S
9/23/2010,,Pg-007,9/23/2010,EBI 1,B3,ModGATC-2c,Lienemann,23-5,9-23-10 ModGATC-2controls,23-5ITS-F,23-5ITS-R-biotin,23-5ITS-S
9/23/2010,,Pg-008,9/23/2010,EBI 1,B4,ModGATC-2c,Lienemann,23-5,9-23-10 ModGATC-2controls,23-5ITS-F,23-5ITS-R-biotin,23-5ITS-S
9/23/2010,,Pg-009,9/23/2010,EBI 1,B5,ModGATC-2c,Lienemann,23-5,9-23-10 ModGATC-2controls,23-5ITS-F,23-5ITS-R-biotin,23-5ITS-S
9/23/2010,,Pg-010,9/23/2010,EBI 1,B6,ModGATC-2c,Lienemann,23-5,9-23-10 ModGATC-2controls,23-5ITS-F,23-5ITS-R-biotin,23-5ITS-S
9/23/2010,,Sg-005,9/23/2010,EBI 1,B7,ModGATC-2c,Lienemann,23-5,9-23-10 ModGATC-2controls,23-5ITS-F,23-5ITS-R-biotin,23-5ITS-S
9/23/2010,,Sg-006,9/23/2010,EBI 1,B8,ModGATC-2c,Lienemann,23-5,9-23-10 ModGATC-2controls,23-5ITS-F,23-5ITS-R-biotin,23-5ITS-S
9/23/2010,,Cw-002,9/23/2010,EBI 1,C1,ModGATC-2c,Lienemann,23-5,9-23-10 ModGATC-2controls,23-5ITS-F,23-5ITS-R-biotin,23-5ITS-S
9/23/2010,,Cw-017,9/23/2010,EBI 1,C2,ModGATC-2c,Lienemann,23-5,9-23-10 ModGATC-2controls,23-5ITS-F,23-5ITS-R-biotin,23-5ITS-S
9/23/2010,,Cw-023,9/23/2010,EBI 1,C3,ModGATC-2c,Lienemann,23-5,9-23-10 ModGATC-2controls,23-5ITS-F,23-5ITS-R-biotin,23-5ITS-S
9/23/2010,,Cw-026,9/23/2010,EBI 1,C4,ModGATC-2c,Lienemann,23-5,9-23-10 ModGATC-2controls,23-5ITS-F,23-5ITS-R-biotin,23-5ITS-S
9/23/2010,,Cw-027,9/23/2010,EBI 1,C5,ModGATC-2c,Lienemann,23-5,9-23-10 ModGATC-2controls,23-5ITS-F,23-5ITS-R-biotin,23-5ITS-S
9/23/2010,,Cw-030,9/23/2010,EBI 1,C6,ModGATC-2c,Lienemann,23-5,9-23-10 ModGATC-2controls,23-5ITS-F,23-5ITS-R-biotin,23-5ITS-S
9/23/2010,,Sg-007,9/23/2010,EBI 1,C7,ModGATC-2c,Lienemann,23-5,9-23-10 ModGATC-2controls,23-5ITS-F,23-5ITS-R-biotin,23-5ITS-S
9/23/2010,,Sg-008,9/23/2010,EBI 1,C8,ModGATC-2c,Lienemann,23-5,9-23-10 ModGATC-2controls,23-5ITS-F,23-5ITS-R-biotin,23-5ITS-S
9/30/2010,,Hu-002,9/30/2010,EBI 1,A1,ModGATC-2c,Lienemann,23-5,9-30-10 ModGATC-2controls,23-5ITS-F,23-5ITS-R-biotin,23-5ITS-S
9/30/2010,,Hu-005,9/30/2010,EBI 1,A2,ModGATC-2c,Lienemann,23-5,9-30-10 ModGATC-2controls,23-5ITS-F,23-5ITS-R-biotin,23-5ITS-S
9/30/2010,,Hu-005,9/30/2010,EBI 1,A3,ModGATC-2c,Lienemann,23-5,9-30-10 ModGATC-2controls,23-5ITS-F,23-5ITS-R-biotin,23-5ITS-S
9/30/2010,,Hu-005,9/30/2010,EBI 1,A4,ModGATC-2c,Lienemann,23-5,9-30-10 ModGATC-2controls,23-5ITS-F,23-5ITS-R-biotin,23-5ITS-S
9/30/2010,,Hu-005,9/30/2010,EBI 1,A5,ModGATC-2c,Lienemann,23-5,9-30-10 ModGATC-2controls,23-5ITS-F,23-5ITS-R-biotin,23-5ITS-S
9/30/2010,,Hu-009,9/30/2010,EBI 1,A6,ModGATC-2c,Lienemann,23-5,9-30-10 ModGATC-2controls,23-5ITS-F,23-5ITS-R-biotin,23-5ITS-S
9/30/2010,,Hu-012,9/30/2010,EBI 1,A7,ModGATC-2c,Lienemann,23-5,9-30-10 ModGATC-2controls,23-5ITS-F,23-5ITS-R-biotin,23-5ITS-S
9/30/2010,,Ck-001,9/30/2010,EBI 1,A8,ModGATC-2c,Lienemann,23-5,9-30-10 ModGATC-2controls,23-5ITS-F,23-5ITS-R-biotin,23-5ITS-S
9/30/2010,,Pg-003,9/30/2010,EBI 1,B1,ModGATC-2c,Lienemann,23-5,9-30-10 ModGATC-2controls,23-5ITS-F,23-5ITS-R-biotin,23-5ITS-S
9/30/2010,,Pg-004,9/30/2010,EBI 1,B2,ModGATC-2c,Lienemann,23-5,9-30-10 ModGATC-2controls,23-5ITS-F,23-5ITS-R-biotin,23-5ITS-S
9/30/2010,,Pg-007,9/30/2010,EBI 1,B3,ModGATC-2c,Lienemann,23-5,9-30-10 ModGATC-2controls,23-5ITS-F,23-5ITS-R-biotin,23-5ITS-S
9/30/2010,,Pg-008,9/30/2010,EBI 1,B4,ModGATC-2c,Lienemann,23-5,9-30-10 ModGATC-2controls,23-5ITS-F,23-5ITS-R-biotin,23-5ITS-S
9/30/2010,,Pg-009,9/30/2010,EBI 1,B5,ModGATC-2c,Lienemann,23-5,9-30-10 ModGATC-2controls,23-5ITS-F,23-5ITS-R-biotin,23-5ITS-S
9/30/2010,,Pg-010,9/30/2010,EBI 1,B6,ModGATC-2c,Lienemann,23-5,9-30-10 ModGATC-2controls,23-5ITS-F,23-5ITS-R-biotin,23-5ITS-S
9/30/2010,,Sg-005,9/30/2010,EBI 1,B7,ModGATC-2c,Lienemann,23-5,9-30-10 ModGATC-2controls,23-5ITS-F,23-5ITS-R-biotin,23-5ITS-S
9/30/2010,,Sg-006,9/30/2010,EBI 1,B8,ModGATC-2c,Lienemann,23-5,9-30-10 ModGATC-2controls,23-5ITS-F,23-5ITS-R-biotin,23-5ITS-S
9/30/2010,,Cw-002,9/30/2010,EBI 1,C1,ModGATC-2c,Lienemann,23-5,9-30-10 ModGATC-2controls,23-5ITS-F,23-5ITS-R-biotin,23-5ITS-S
9/30/2010,,Cw-017,9/30/2010,EBI 1,C2,ModGATC-2c,Lienemann,23-5,9-30-10 ModGATC-2controls,23-5ITS-F,23-5ITS-R-biotin,23-5ITS-S
9/30/2010,,Cw-023,9/30/2010,EBI 1,C3,ModGATC-2c,Lienemann,23-5,9-30-10 ModGATC-2controls,23-5ITS-F,23-5ITS-R-biotin,23-5ITS-S
9/30/2010,,Cw-026,9/30/2010,EBI 1,C4,ModGATC-2c,Lienemann,23-5,9-30-10 ModGATC-2controls,23-5ITS-F,23-5ITS-R-biotin,23-5ITS-S
9/30/2010,,Cw-027,9/30/2010,EBI 1,C5,ModGATC-2c,Lienemann,23-5,9-30-10 ModGATC-2controls,23-5ITS-F,23-5ITS-R-biotin,23-5ITS-S
9/30/2010,,Cw-030,9/30/2010,EBI 1,C6,ModGATC-2c,Lienemann,23-5,9-30-10 ModGATC-2controls,23-5ITS-F,23-5ITS-R-biotin,23-5ITS-S
9/30/2010,,Sg-007,9/30/2010,EBI 1,C7,ModGATC-2c,Lienemann,23-5,9-30-10 ModGATC-2controls,23-5ITS-F,23-5ITS-R-biotin,23-5ITS-S
9/30/2010,,Sg-008,9/30/2010,EBI 1,C8,ModGATC-2c,Lienemann,23-5,9-30-10 ModGATC-2controls,23-5ITS-F,23-5ITS-R-biotin,23-5ITS-S
